"path","width","height","sha256","import_file","referencing_files","duplicate_hash_count","classification","proposed_canonical_id","migration_status","archive_status"
"res://assets/audio/camp_theme.wav","0","0","3D1723F2325B11549721617FC20BE8091A6F74064CB77E3D4DFFC278725FEA82","res://assets/audio/camp_theme.wav.import","","2","DUPLICATE","camp_theme","PENDING","BLOCKED"
"res://assets/audio/guard.wav","0","0","8BA5682F294CBC516DF5FE925378C7FF89D1F1FE1A37AFFAE1170F317C6DD26E","res://assets/audio/guard.wav.import","","2","DUPLICATE","guard","PENDING","BLOCKED"
"res://assets/audio/hurt.wav","0","0","E7A16B85B67CDA1533697A92005BE5E35EDE3B70F8177FA36E03D2FED0015F2D","res://assets/audio/hurt.wav.import","","2","DUPLICATE","hurt","PENDING","BLOCKED"
"res://assets/audio/moor_theme.wav","0","0","8CFDAA2A6D0C6A618F4708A6EB3523CB2A393402A42C48726D757141C3C82D51","res://assets/audio/moor_theme.wav.import","","2","DUPLICATE","moor_theme","PENDING","BLOCKED"
"res://assets/audio/pickup.wav","0","0","0D6476706CACD2A80DD44168E040BE3F2147B7B613D61B421AC2CD967609DA95","res://assets/audio/pickup.wav.import","","2","DUPLICATE","pickup","PENDING","BLOCKED"
"res://assets/audio/strike.wav","0","0","3329D1C4AFE6A338FE32D9251C18694731E2A5F483F022D5AD6948BBC3E758E7","res://assets/audio/strike.wav.import","","2","DUPLICATE","strike","PENDING","BLOCKED"
"res://assets/backgrounds/camp.png","941","1672","F2D0DCAF1C23BF9A9808C8F6BE85557743B2D5D53D095FFD91D09EFB3C0D4E1B","res://assets/backgrounds/camp.png.import","","1","LEGACY_UNUSED","camp","PENDING","REVIEW"
"res://assets/backgrounds/camp_restored.png","941","1672","EDE67B51F4D136BD8A25A24992A8B280E8E146C3F0FD2339C535206AA0E6B60D","res://assets/backgrounds/camp_restored.png.import","","1","LEGACY_UNUSED","camp_restored","PENDING","REVIEW"
"res://assets/backgrounds/moor.png","941","1672","08F1077581C06EE8232B01AA7446B925CD325EB246668D412F77B38A325A17CE","res://assets/backgrounds/moor.png.import","","1","LEGACY_UNUSED","moor","PENDING","REVIEW"
"res://assets/backgrounds/world_map_v1.png","743","2117","232F9260F836872650E9F29234D5A6768984114E05B5559D07FB64C560A52E73","res://assets/backgrounds/world_map_v1.png.import","","1","LEGACY_UNUSED","world_map_v1","PENDING","REVIEW"
"res://assets/backgrounds/world_map_v2.png","737","2132","B491113A41C9D2EEC50B33199BEE2544273A7070A792D2B75D3C7565E1441A11","res://assets/backgrounds/world_map_v2.png.import","","1","LEGACY_UNUSED","world_map_v2","PENDING","REVIEW"
"res://assets/camp_layers/buildings/armory_0.png","466","512","6BA44C1C4A11C57248D7D553557C1ADCE14F6281324D4FA34FD9CF5155769A47","res://assets/camp_layers/buildings/armory_0.png.import","","1","LEGACY_UNUSED","armory_0","PENDING","REVIEW"
"res://assets/camp_layers/buildings/armory_1.png","466","512","6AD3296BC580F716C5FDD13D8D595B44FAEAB62F921ABB9EC443F1429AE5E019","res://assets/camp_layers/buildings/armory_1.png.import","","1","LEGACY_UNUSED","armory_1","PENDING","REVIEW"
"res://assets/camp_layers/buildings/armory_2.png","466","512","A092ABFFA15AFE741FF1F3B104DC273B943C6A4EDBBC214854CAEB738A020DF4","res://assets/camp_layers/buildings/armory_2.png.import","","1","LEGACY_UNUSED","armory_2","PENDING","REVIEW"
"res://assets/camp_layers/buildings/armory_3.png","466","512","1B5B5C63BBE52A5F999B66E90F7E83A3314F15F65921A9B3561142271C3A1144","res://assets/camp_layers/buildings/armory_3.png.import","","1","LEGACY_UNUSED","armory_3","PENDING","REVIEW"
"res://assets/camp_layers/buildings/blacksmith_0.png","494","495","2C875A9DED8A441C9E1B0F9AFE1A81AB3CFC8CC0095A9D1B0A7644C4C5DE013D","res://assets/camp_layers/buildings/blacksmith_0.png.import","","1","LEGACY_UNUSED","blacksmith_0","PENDING","REVIEW"
"res://assets/camp_layers/buildings/blacksmith_1.png","494","495","F54C46093DAD1976F573B9272FD13359A420A98460CEE75DCC4DDEB98887767C","res://assets/camp_layers/buildings/blacksmith_1.png.import","","1","LEGACY_UNUSED","blacksmith_1","PENDING","REVIEW"
"res://assets/camp_layers/buildings/blacksmith_2.png","494","495","400ACE6055CD9B0DA23FE8CBEA417F90620E5EC15DBBA524CA3AFD2C3760B09E","res://assets/camp_layers/buildings/blacksmith_2.png.import","","1","LEGACY_UNUSED","blacksmith_2","PENDING","REVIEW"
"res://assets/camp_layers/buildings/blacksmith_3.png","494","495","3D49D3619585EA63F6441FF3158CCB37F3DA9C6F5DF2690C3150F7F43BCAFF76","res://assets/camp_layers/buildings/blacksmith_3.png.import","","1","LEGACY_UNUSED","blacksmith_3","PENDING","REVIEW"
"res://assets/camp_layers/buildings/campfire.png","512","392","0D34CE2279526CE583959A06E4AD6C7B92C218EA96BBD786F581B0AF6DA6FE9F","res://assets/camp_layers/buildings/campfire.png.import","","2","DUPLICATE","campfire","PENDING","BLOCKED"
"res://assets/camp_layers/buildings/outlines/armory_0.png","466","512","BC2267BDB07EE3250E94F005F8FAC59BEE64C08207C8B5C1FF99FFFC45BF1A5B","res://assets/camp_layers/buildings/outlines/armory_0.png.import","","1","LEGACY_UNUSED","armory_0","PENDING","REVIEW"
"res://assets/camp_layers/buildings/outlines/armory_1.png","466","512","B8085ED299BB0E0F46557236495E4322DBAD42A68B48C26659EE9857CE7742B7","res://assets/camp_layers/buildings/outlines/armory_1.png.import","","1","LEGACY_UNUSED","armory_1","PENDING","REVIEW"
"res://assets/camp_layers/buildings/outlines/armory_2.png","466","512","35C41241F44413B0CECC53B7C709174324CC9ACEDF4A9FD2D6EBA7C385D903A0","res://assets/camp_layers/buildings/outlines/armory_2.png.import","","1","LEGACY_UNUSED","armory_2","PENDING","REVIEW"
"res://assets/camp_layers/buildings/outlines/armory_3.png","466","512","CDD54447EBFE48E81F19C2BF0C38B937DE9FCD6FEAB1521419099DEDB7850A4A","res://assets/camp_layers/buildings/outlines/armory_3.png.import","","1","LEGACY_UNUSED","armory_3","PENDING","REVIEW"
"res://assets/camp_layers/buildings/outlines/blacksmith_0.png","494","495","11ABE6AFF52C5D37DA1BA8D8BFBD78AFFFA9DF9D40D0C7684F5E75901875FF36","res://assets/camp_layers/buildings/outlines/blacksmith_0.png.import","","1","LEGACY_UNUSED","blacksmith_0","PENDING","REVIEW"
"res://assets/camp_layers/buildings/outlines/blacksmith_1.png","494","495","80FE6DA6B9F83C4A1DFD9FC134C7AFC091DEF47060D3A705FC6558E4807C9815","res://assets/camp_layers/buildings/outlines/blacksmith_1.png.import","","1","LEGACY_UNUSED","blacksmith_1","PENDING","REVIEW"
"res://assets/camp_layers/buildings/outlines/blacksmith_2.png","494","495","9328D8ACEF4CDA1F6337FB5688C517B36473D6AC2F2D57FABB825CE570C0EF1A","res://assets/camp_layers/buildings/outlines/blacksmith_2.png.import","","1","LEGACY_UNUSED","blacksmith_2","PENDING","REVIEW"
"res://assets/camp_layers/buildings/outlines/blacksmith_3.png","494","495","B0169CB38914135787EEF53D3B89436AF950D3774973DDEBC06F118E0E9DC335","res://assets/camp_layers/buildings/outlines/blacksmith_3.png.import","","1","LEGACY_UNUSED","blacksmith_3","PENDING","REVIEW"
"res://assets/camp_layers/buildings/outlines/campfire.png","512","392","316DDBE716FD6054EA5ADBCBA56405B8CE22A2D43DF4C9425CEFE892BF8F2884","res://assets/camp_layers/buildings/outlines/campfire.png.import","","1","LEGACY_UNUSED","campfire","PENDING","REVIEW"
"res://assets/camp_layers/buildings/outlines/quartermaster_0.png","502","512","AD92CB42F7A304A43558F257B5B7B9068BCE2782FBBB9D75317EA146235A06D5","res://assets/camp_layers/buildings/outlines/quartermaster_0.png.import","","1","LEGACY_UNUSED","quartermaster_0","PENDING","REVIEW"
"res://assets/camp_layers/buildings/outlines/quartermaster_1.png","502","512","16C0076EFF8E0819E26EB8ADE81D1CC0DE48C9F8B2BAEB144878B01B29AAAC3A","res://assets/camp_layers/buildings/outlines/quartermaster_1.png.import","","1","LEGACY_UNUSED","quartermaster_1","PENDING","REVIEW"
"res://assets/camp_layers/buildings/outlines/quartermaster_2.png","502","512","603637C5BE67EFB743E59213EE2D727021928C86C0E5976D4576343249C548EB","res://assets/camp_layers/buildings/outlines/quartermaster_2.png.import","","1","LEGACY_UNUSED","quartermaster_2","PENDING","REVIEW"
"res://assets/camp_layers/buildings/outlines/quartermaster_3.png","502","512","1073AB15136666B85DE89682B94733631426542F17D72E0B4D184CA1C7480583","res://assets/camp_layers/buildings/outlines/quartermaster_3.png.import","","1","LEGACY_UNUSED","quartermaster_3","PENDING","REVIEW"
"res://assets/camp_layers/buildings/outlines/training_0.png","512","450","4918753BB628B77A9C381FF93F99CF3314B650570216517310E6952659C5B93E","res://assets/camp_layers/buildings/outlines/training_0.png.import","","1","LEGACY_UNUSED","training_0","PENDING","REVIEW"
"res://assets/camp_layers/buildings/outlines/training_1.png","512","450","ABBD3B4C4B936BEFAB531A84981C80C39BF9DF7A7B9328DFE5BD3A3B7735088F","res://assets/camp_layers/buildings/outlines/training_1.png.import","","1","LEGACY_UNUSED","training_1","PENDING","REVIEW"
"res://assets/camp_layers/buildings/outlines/training_2.png","512","450","BB418F12C76733B5BFD3DE572DF1B0FBD19429B53893E2F09695F23CD4020ECC","res://assets/camp_layers/buildings/outlines/training_2.png.import","","1","LEGACY_UNUSED","training_2","PENDING","REVIEW"
"res://assets/camp_layers/buildings/outlines/training_3.png","512","450","1503E70ED8A08179DDF63C994F2E9DDF274DC0D8946578D990ECE9E400D51541","res://assets/camp_layers/buildings/outlines/training_3.png.import","","1","LEGACY_UNUSED","training_3","PENDING","REVIEW"
"res://assets/camp_layers/buildings/outlines/training_4.png","512","450","25C254C744717EB2FCDBF11AFA8FD3297E540B2AF538B75711C90A144F93DE59","res://assets/camp_layers/buildings/outlines/training_4.png.import","","1","LEGACY_UNUSED","training_4","PENDING","REVIEW"
"res://assets/camp_layers/buildings/outlines/training_5.png","512","450","DEE070F575159519F7DE3F5E067D7795D206BA3328ED1869B8EB79B166AE3F13","res://assets/camp_layers/buildings/outlines/training_5.png.import","","1","LEGACY_UNUSED","training_5","PENDING","REVIEW"
"res://assets/camp_layers/buildings/outlines/veterans_hall.png","504","512","A9AAA4AFD98E3F97111D727D863E5183ACB53E42E1B25513D31C34DBA7357094","res://assets/camp_layers/buildings/outlines/veterans_hall.png.import","","1","LEGACY_UNUSED","veterans_hall","PENDING","REVIEW"
"res://assets/camp_layers/buildings/quartermaster_0.png","502","512","9BC705E003A0A2BA1C139F42862F60B932726531F7F3AC0B1FFF90A482D4A3D5","res://assets/camp_layers/buildings/quartermaster_0.png.import","","1","LEGACY_UNUSED","quartermaster_0","PENDING","REVIEW"
"res://assets/camp_layers/buildings/quartermaster_1.png","502","512","AAE0ADBFB635AA150DC42D3D317E8EBCB5992A83DFCB62BFBA29F143D4F2DD21","res://assets/camp_layers/buildings/quartermaster_1.png.import","","1","LEGACY_UNUSED","quartermaster_1","PENDING","REVIEW"
"res://assets/camp_layers/buildings/quartermaster_2.png","502","512","67D5A0918FD4BC98B4B37B787D9127EAA924FF67659339F4B42A24F287D7C490","res://assets/camp_layers/buildings/quartermaster_2.png.import","","1","LEGACY_UNUSED","quartermaster_2","PENDING","REVIEW"
"res://assets/camp_layers/buildings/quartermaster_3.png","502","512","33BABF3C37606B51AF4A8DDD452D642F5C8453E55F3F7D07820AA2567FD5F11C","res://assets/camp_layers/buildings/quartermaster_3.png.import","","1","LEGACY_UNUSED","quartermaster_3","PENDING","REVIEW"
"res://assets/camp_layers/buildings/training_0.png","512","450","B8F16492E933BC7DB9FCB9CCD569B5BF1A2384255DCEDF6798440132D6B3B312","res://assets/camp_layers/buildings/training_0.png.import","","1","LEGACY_UNUSED","training_0","PENDING","REVIEW"
"res://assets/camp_layers/buildings/training_1.png","512","450","F8AA64A574681A4539B4239701A5CA84E24C73DFEEA500A9D6ADB65296AC5741","res://assets/camp_layers/buildings/training_1.png.import","","1","LEGACY_UNUSED","training_1","PENDING","REVIEW"
"res://assets/camp_layers/buildings/training_2.png","512","450","51FDA6D4E69D54B1882B8E207347BBBBB8C79E5AC7FC5947E1F54F1A0B5FD431","res://assets/camp_layers/buildings/training_2.png.import","","1","LEGACY_UNUSED","training_2","PENDING","REVIEW"
"res://assets/camp_layers/buildings/training_3.png","512","450","39E2625F9B8305BB838D459C5ECAC4D47829E8763544EA824BA7846687729E55","res://assets/camp_layers/buildings/training_3.png.import","","1","LEGACY_UNUSED","training_3","PENDING","REVIEW"
"res://assets/camp_layers/buildings/training_4.png","512","450","5C8243E1BB8B4201600F48FE32C1398390FD952D5C1CA041C41E4296724EC133","res://assets/camp_layers/buildings/training_4.png.import","","1","LEGACY_UNUSED","training_4","PENDING","REVIEW"
"res://assets/camp_layers/buildings/training_5.png","512","450","D7F993A30CFA48BFCFA2A720B69ABA41BE511DFFC8A38AE1395662221B9C6597","res://assets/camp_layers/buildings/training_5.png.import","","1","LEGACY_UNUSED","training_5","PENDING","REVIEW"
"res://assets/camp_layers/buildings/veterans_hall.png","504","512","DC9F70C82084521A0D0DC8181CAB0C03AFE67CEA9B80718624E87B3351ADA4A2","res://assets/camp_layers/buildings/veterans_hall.png.import","","2","DUPLICATE","veterans_hall","PENDING","BLOCKED"
"res://assets/camp_layers/camp_foundation.png","941","1672","C6C3E773508E3B3CD5E6D5B136C91222B0D0C9C7EF3D7ADE0D36825EEB375631","res://assets/camp_layers/camp_foundation.png.import","","1","LEGACY_UNUSED","camp_foundation","PENDING","REVIEW"
"res://assets/camp_layers/palisade/camp_palisade_v2.png","1536","1024","28E4207299A34D42F8C1F3AD7AF0A36C6CC40F9AA1AD8ACD6A0FD726C988B467","res://assets/camp_layers/palisade/camp_palisade_v2.png.import","","1","LEGACY_UNUSED","camp_palisade_v2","PENDING","REVIEW"
"res://assets/camp_layers/sources/armory_tiers_alpha.png","1868","842","FC32B0788DE0987487DE2B5589550FE4704CF45438CA908C63CF8D1558B60B3C","","","1","LEGACY_UNUSED","armory_tiers_alpha","PENDING","REVIEW"
"res://assets/camp_layers/sources/blacksmith_tiers_alpha.png","1881","836","54900773A9BEC1B1EA428CBEECC896B5F0B10409BFCC406E3EB2A1FF2D276175","","","1","LEGACY_UNUSED","blacksmith_tiers_alpha","PENDING","REVIEW"
"res://assets/camp_layers/sources/camp_palisade_v2_chroma.png","1536","1024","610210BEF15630FFE617128426F1611A084009A13E821E2547CB8C7DE069DD7D","","","1","LEGACY_UNUSED","camp_palisade_v2_chroma","PENDING","REVIEW"
"res://assets/camp_layers/sources/landmarks_alpha.png","1774","887","1619CE7E6C63ADF9C7115862371AE105E4BBF3A28AC437D0F406BA07D00E2A28","","","1","LEGACY_UNUSED","landmarks_alpha","PENDING","REVIEW"
"res://assets/camp_layers/sources/quartermaster_tiers_alpha.png","1983","793","610CEBDD6B6FC3E514C2BD52AB0DE51B7A945BD6CC40926F2568DC726DAEDC6A","","","1","LEGACY_UNUSED","quartermaster_tiers_alpha","PENDING","REVIEW"
"res://assets/camp_layers/sources/training_tiers_alpha.png","1536","1024","06B80FF56B749DD7E3364CC0756E03B49920311A1393CD734FE642909E324C68","","","1","LEGACY_UNUSED","training_tiers_alpha","PENDING","REVIEW"
"res://assets/camp_layers/sources/veterans_hall_front_alpha.png","1254","1254","74C1E4B7B78912B5906526FA9BBB63E5ABA691F238B7C545E7A5D92AE07B0209","","","1","LEGACY_UNUSED","veterans_hall_front_alpha","PENDING","REVIEW"
"res://assets/characters/archer_left.png","40","46","59557517008D6CC32466533D71C9B59C1D494CBD2A48F509B99E8EFEE8501844","res://assets/characters/archer_left.png.import","","1","LEGACY_UNUSED","archer_left","PENDING","REVIEW"
"res://assets/characters/archer_right.png","40","46","A9EC9E86E06868DC55520CDD28F835DCB42E178A9D938A31D0C99B0B43813CF7","res://assets/characters/archer_right.png.import","","1","LEGACY_UNUSED","archer_right","PENDING","REVIEW"
"res://assets/characters/barrow_knight_left.png","70","78","FDFEC81727F70FF940AB79AB7A5509566680F8DB6BF29330461B0CC9B23B006D","res://assets/characters/barrow_knight_left.png.import","","1","LEGACY_UNUSED","barrow_knight_left","PENDING","REVIEW"
"res://assets/characters/barrow_knight_right.png","70","78","412B0456870709E2C97F8BD6704A8001741B13B4A9C03B1C38E86991CD80C279","res://assets/characters/barrow_knight_right.png.import","","1","LEGACY_UNUSED","barrow_knight_right","PENDING","REVIEW"
"res://assets/characters/blighted_left.png","42","48","632197C18164BD097ADBDA2FD82A9918227C78993F05A67DA3D5E2048CE3D38B","res://assets/characters/blighted_left.png.import","","1","LEGACY_UNUSED","blighted_left","PENDING","REVIEW"
"res://assets/characters/blighted_right.png","42","48","A472E1DD7EF788EC80A0D2A7E3D70E7423A74ACA05817463DA6D991C6CD169A8","res://assets/characters/blighted_right.png.import","","1","LEGACY_UNUSED","blighted_right","PENDING","REVIEW"
"res://assets/characters/crow_left.png","46","40","A4A0A8E82D8C88C7AC2A8B327DC632EE23DE8D3551BF57ECFA9D6215F6900A48","res://assets/characters/crow_left.png.import","","1","LEGACY_UNUSED","crow_left","PENDING","REVIEW"
"res://assets/characters/crow_right.png","46","40","B3AAD86D00571B6BEBCBC79AF5E9702D94D2115AE83ED4711A29033F51AD00D5","res://assets/characters/crow_right.png.import","","1","LEGACY_UNUSED","crow_right","PENDING","REVIEW"
"res://assets/characters/generated/mage_0.png","52","60","50058716EE5C96A3D83CAE301A63E7A5FEE28EE3154091DAA2B37A424DD4B9CD","res://assets/characters/generated/mage_0.png.import","","1","LEGACY_UNUSED","mage_0","PENDING","REVIEW"
"res://assets/characters/generated/mage_1.png","52","60","D5DC75E182A0D0431670215F7E446014245C3B4A4400259E3FB5F846FEADF2FE","res://assets/characters/generated/mage_1.png.import","","1","LEGACY_UNUSED","mage_1","PENDING","REVIEW"
"res://assets/characters/generated/mage_2.png","52","60","207E1F56266F93B8880D511C7D60AA7D164CB646B77C2F75EE5F2F6868787A52","res://assets/characters/generated/mage_2.png.import","","1","LEGACY_UNUSED","mage_2","PENDING","REVIEW"
"res://assets/characters/generated/mage_3.png","52","60","AD885F77C82F146B47DB20B288AE0AC1BED15F6995C4121A87FD52DA6D8CC6FA","res://assets/characters/generated/mage_3.png.import","","1","LEGACY_UNUSED","mage_3","PENDING","REVIEW"
"res://assets/characters/generated/mage_4.png","52","60","12220B8CD4A6BE1EDDF96A2522DD0BA3EC610F909F628306DB6EA9E877123709","res://assets/characters/generated/mage_4.png.import","","1","LEGACY_UNUSED","mage_4","PENDING","REVIEW"
"res://assets/characters/generated/mage_5.png","52","60","28054537E1127F47605218F873B8CEAD771D3069495BB60C8E31E9F0BC34766A","res://assets/characters/generated/mage_5.png.import","","1","LEGACY_UNUSED","mage_5","PENDING","REVIEW"
"res://assets/characters/generated/mage_6.png","52","60","52128A992A48430E5933F2BA82E3D4CB9923AEB906782702985B29AF353AD62A","res://assets/characters/generated/mage_6.png.import","","1","LEGACY_UNUSED","mage_6","PENDING","REVIEW"
"res://assets/characters/generated/mage_7.png","52","60","498CBF50EAC7443B0DC1B08EEFF6B0CBB80D726C0E18D019AAC76BEC9392BB29","res://assets/characters/generated/mage_7.png.import","","1","LEGACY_UNUSED","mage_7","PENDING","REVIEW"
"res://assets/characters/generated/mage_sheet.png","2172","724","89B5657187255CD1E16B165A0C6D91B7B7763F8FE40B7523CC1FAAFFFCF19A59","res://assets/characters/generated/mage_sheet.png.import","","1","LEGACY_UNUSED","mage_sheet","PENDING","REVIEW"
"res://assets/characters/generated/mage_sheet_source.png","2172","724","83EC328C678B128F19CD2641E87D0F0756760A78520A8969DC9C5595CD3A684C","res://assets/characters/generated/mage_sheet_source.png.import","","1","LEGACY_UNUSED","mage_sheet_source","PENDING","REVIEW"
"res://assets/characters/generated/warrior_0.png","52","60","45C1DC9DB6C300E3EEC33BE1E80B4C55787B51B2E69001F913E5ADD97A06E2D3","res://assets/characters/generated/warrior_0.png.import","","1","LEGACY_UNUSED","warrior_0","PENDING","REVIEW"
"res://assets/characters/generated/warrior_1.png","52","60","FCAF48580DD7BB83ACE09E60C3105D8692CD1EAC27214E50A7EB9F890C2E5F59","res://assets/characters/generated/warrior_1.png.import","","1","LEGACY_UNUSED","warrior_1","PENDING","REVIEW"
"res://assets/characters/generated/warrior_2.png","52","60","59481263E1465D3CA608662061C94A5249B6F02D1609FFF25B889FDB6298DFE3","res://assets/characters/generated/warrior_2.png.import","","1","LEGACY_UNUSED","warrior_2","PENDING","REVIEW"
"res://assets/characters/generated/warrior_3.png","52","60","C7D545EBF07F6DD3E601CFB2C0F2E00663851A897CC09EFF7B7D3B67F030192C","res://assets/characters/generated/warrior_3.png.import","","1","LEGACY_UNUSED","warrior_3","PENDING","REVIEW"
"res://assets/characters/generated/warrior_4.png","52","60","4B77AEBD5C22B0DC9BDB74843A1C9C135535E9CC728856CDDFB06CC39791F68B","res://assets/characters/generated/warrior_4.png.import","","1","LEGACY_UNUSED","warrior_4","PENDING","REVIEW"
"res://assets/characters/generated/warrior_5.png","52","60","1E245E486210B483E65334A9C4CE544C6673A6C5FC9BEEC23EFC72DD10A89645","res://assets/characters/generated/warrior_5.png.import","","1","LEGACY_UNUSED","warrior_5","PENDING","REVIEW"
"res://assets/characters/generated/warrior_6.png","52","60","E821D3401DC7B85B5831AEA834B33D41AE739FDED3A7FE25926CD26584CB6096","res://assets/characters/generated/warrior_6.png.import","","1","LEGACY_UNUSED","warrior_6","PENDING","REVIEW"
"res://assets/characters/generated/warrior_7.png","52","60","CA559AC246F04D7993756FAE59CB160E1D3B2649B4A5A4C50867D918888C5D47","res://assets/characters/generated/warrior_7.png.import","","1","LEGACY_UNUSED","warrior_7","PENDING","REVIEW"
"res://assets/characters/generated/warrior_sheet.png","2172","724","594B723065B5EEA21CB8C48BA56C2C92E6BBEEEB809D35FFFAA6335D0B862FD4","res://assets/characters/generated/warrior_sheet.png.import","","1","LEGACY_UNUSED","warrior_sheet","PENDING","REVIEW"
"res://assets/characters/generated/warrior_sheet_source.png","2172","724","D708548E40E87B02CB79CBB43F73FB7C5A86F8286606DFA0C53D991BB2118F9E","res://assets/characters/generated/warrior_sheet_source.png.import","","1","LEGACY_UNUSED","warrior_sheet_source","PENDING","REVIEW"
"res://assets/characters/grave_guard_left.png","54","60","F2192AE8152F240043E71CDD75CEBA55A80D3548AF2CA048C58BD79559B44340","res://assets/characters/grave_guard_left.png.import","","1","LEGACY_UNUSED","grave_guard_left","PENDING","REVIEW"
"res://assets/characters/grave_guard_right.png","54","60","1073D25FBAE2D2BE78CCC937219F79AEEC5F51154121AC31455111AD5B718F4A","res://assets/characters/grave_guard_right.png.import","","1","LEGACY_UNUSED","grave_guard_right","PENDING","REVIEW"
"res://assets/characters/houndmaster_left.png","50","56","8D1ED4AA12A8214E411DFAAFE0A60D4512419A845B6E49703EAA212E771D8E7B","res://assets/characters/houndmaster_left.png.import","","1","LEGACY_UNUSED","houndmaster_left","PENDING","REVIEW"
"res://assets/characters/houndmaster_right.png","50","56","C9699DF844581B1A64F001911ACA31795B319B91D09BCDEA8E8FA6394884B30E","res://assets/characters/houndmaster_right.png.import","","1","LEGACY_UNUSED","houndmaster_right","PENDING","REVIEW"
"res://assets/characters/player_left.png","46","52","A313D0A61F3A84D0C8C967A5D90AA50F68AC42E5B6F7F13EDDA91FB175F2C71D","res://assets/characters/player_left.png.import","","1","LEGACY_UNUSED","player_left","PENDING","REVIEW"
"res://assets/characters/player_right.png","46","52","4318E1BDF22E92F36A2E24FEA7BE4F1ED52CE8E11FB861DF5E96A09048C2A2DF","res://assets/characters/player_right.png.import","","1","LEGACY_UNUSED","player_right","PENDING","REVIEW"
"res://assets/characters/raider_left.png","38","46","71DB0105EF2064D6030E678325DD9B93173A7AF9ABA539D9DE688ADE31540130","res://assets/characters/raider_left.png.import","","1","LEGACY_UNUSED","raider_left","PENDING","REVIEW"
"res://assets/characters/raider_right.png","38","46","A5500917378117F5A3F6CDC02DC4275577F07AD2708B1CD630F7BBFDD9505899","res://assets/characters/raider_right.png.import","","1","LEGACY_UNUSED","raider_right","PENDING","REVIEW"
"res://assets/characters/reaver_left.png","44","50","061C96806261F9B7251459C3669845266355DBE623AC6657241D3AEA1C3F26CE","res://assets/characters/reaver_left.png.import","","1","LEGACY_UNUSED","reaver_left","PENDING","REVIEW"
"res://assets/characters/reaver_right.png","44","50","FD9F2A59082CD80DB8C426E2A103210B0284D6344F1F3E9D8DDBF92C850ED578","res://assets/characters/reaver_right.png.import","","1","LEGACY_UNUSED","reaver_right","PENDING","REVIEW"
"res://assets/characters/wolf_left.png","40","34","0C6642B41ACA18FFC202B0D6748374BD47488BCDEFBE4CAD3416B7F5C65ACAAF","res://assets/characters/wolf_left.png.import","","1","LEGACY_UNUSED","wolf_left","PENDING","REVIEW"
"res://assets/characters/wolf_right.png","40","34","CDC99AFCB4A6EC48CBCB28A3B8094EC83274DE1AA94B9F2DB3EB7B350618DAB3","res://assets/characters/wolf_right.png.import","","1","LEGACY_UNUSED","wolf_right","PENDING","REVIEW"
"res://assets/fonts/AtkinsonHyperlegible-Bold.otf","0","0","682C9737BFB6C1D3BA4F9CD5FDC814775C097F317656AAD177867CC07D7E15DF","res://assets/fonts/AtkinsonHyperlegible-Bold.otf.import","","2","DUPLICATE","AtkinsonHyperlegible-Bold","PENDING","BLOCKED"
"res://assets/fonts/AtkinsonHyperlegible-Regular.otf","0","0","4A0397A3709C5FC99E38D05469DCFBF1B3481196E89A01B7377F3163B188258E","res://assets/fonts/AtkinsonHyperlegible-Regular.otf.import","","2","DUPLICATE","AtkinsonHyperlegible-Regular","PENDING","BLOCKED"
"res://assets/fonts/PixelifySans.ttf","0","0","9BA86CD010A4DE309D263CEFF8E8044092C9DB7EFDA869620CB9FF1C4389E8A5","res://assets/fonts/PixelifySans.ttf.import","","2","DUPLICATE","PixelifySans","PENDING","BLOCKED"
"res://assets/foundation/enemies/animated/archer.png","256","64","18AD158DB6D5BF276C6C19CA47ABD24D8F6260729EA0EC77DD9F1D52EB2F7DBF","res://assets/foundation/enemies/animated/archer.png.import","","1","LEGACY_UNUSED","archer","PENDING","REVIEW"
"res://assets/foundation/enemies/animated/barrow_knight.png","384","96","609BD603CF7BBB87D8BC88A2647C90075E074C4C75C7AF2822F92BF2C0AD7FCC","res://assets/foundation/enemies/animated/barrow_knight.png.import","","1","LEGACY_UNUSED","barrow_knight","PENDING","REVIEW"
"res://assets/foundation/enemies/animated/blighted.png","256","64","9B9B9DA2969C8DA6823D751B3A601994B055924239AC0A2B1BB709BF4C46A432","res://assets/foundation/enemies/animated/blighted.png.import","","1","LEGACY_UNUSED","blighted","PENDING","REVIEW"
"res://assets/foundation/enemies/animated/crow.png","256","64","425C12C975CECCB98944D65EC8D4DD69C755A43F3D9C5208BAABE4871E80E972","res://assets/foundation/enemies/animated/crow.png.import","","1","LEGACY_UNUSED","crow","PENDING","REVIEW"
"res://assets/foundation/enemies/animated/grave_guard.png","320","80","F5A28963E2B9F5332223B0942A8B779EB0A6F65E2F5B79F034C34F9B4F7643A0","res://assets/foundation/enemies/animated/grave_guard.png.import","","1","LEGACY_UNUSED","grave_guard","PENDING","REVIEW"
"res://assets/foundation/enemies/animated/houndmaster.png","320","80","6DE14AC8F194DD85994A21EA8CCDB1A2CE90567D15E79327470CAAD878D74671","res://assets/foundation/enemies/animated/houndmaster.png.import","","1","LEGACY_UNUSED","houndmaster","PENDING","REVIEW"
"res://assets/foundation/enemies/animated/raider.png","256","64","E8D592E7E54D5E65DCB1DDEAEAFF79B13BBE3CEB24DDC8A351A99875F5A389A9","res://assets/foundation/enemies/animated/raider.png.import","","1","LEGACY_UNUSED","raider","PENDING","REVIEW"
"res://assets/foundation/enemies/animated/reaver.png","256","64","43A3BB393D679B73F8EE65CF7CB8BBE1E953CE89BDDC151C287160B8853462FE","res://assets/foundation/enemies/animated/reaver.png.import","","1","LEGACY_UNUSED","reaver","PENDING","REVIEW"
"res://assets/foundation/enemies/animated/wolf.png","256","64","D4D6FEAF027038F888314E04E4595C83D97ADE518FC2E49F1F35988B638B8AF5","res://assets/foundation/enemies/animated/wolf.png.import","","1","LEGACY_UNUSED","wolf","PENDING","REVIEW"
"res://assets/foundation/enemies/archer.png","64","64","94E503880D520B6DC0903D396DF3F7F62FEB2F14FCA2BD3933E8FDDC149EFB38","res://assets/foundation/enemies/archer.png.import","","1","LEGACY_UNUSED","archer","PENDING","REVIEW"
"res://assets/foundation/enemies/barrow_knight.png","96","96","AD155CEB581CA5328373FDBAD805B415DFD6972AF5B955453F55239EB381D63D","res://assets/foundation/enemies/barrow_knight.png.import","","1","LEGACY_UNUSED","barrow_knight","PENDING","REVIEW"
"res://assets/foundation/enemies/blighted.png","64","64","2DD36EE68306F5F68F683F073B5F735F4766EBC33F4B4E8E2DAE0789AA50B48F","res://assets/foundation/enemies/blighted.png.import","","1","LEGACY_UNUSED","blighted","PENDING","REVIEW"
"res://assets/foundation/enemies/crow.png","64","64","CC6985C392C6EED826E356365D23AE1A09C06F79C25283B4D31162547037B2F4","res://assets/foundation/enemies/crow.png.import","","1","LEGACY_UNUSED","crow","PENDING","REVIEW"
"res://assets/foundation/enemies/grave_guard.png","80","80","BDCFF36C2AFD7A5E3623E4C1202B45E55D6E1DDB44EA2275F1EC72550026BB3F","res://assets/foundation/enemies/grave_guard.png.import","","1","LEGACY_UNUSED","grave_guard","PENDING","REVIEW"
"res://assets/foundation/enemies/houndmaster.png","80","80","0FE54A6E44AD07EF749FA273D2A7E0EAF1FEE7A7232D63C16D109B71177D6D8B","res://assets/foundation/enemies/houndmaster.png.import","","1","LEGACY_UNUSED","houndmaster","PENDING","REVIEW"
"res://assets/foundation/enemies/raider.png","64","64","24408832B033664FD21ECE258C887596FC709083F2BA5E6F8729F217A9E9541D","res://assets/foundation/enemies/raider.png.import","","1","LEGACY_UNUSED","raider","PENDING","REVIEW"
"res://assets/foundation/enemies/reaver.png","64","64","0D6AF54D02D270C786AAF0215A599B9F3CA9EA162317DB63F6BF02E209FF8344","res://assets/foundation/enemies/reaver.png.import","","1","LEGACY_UNUSED","reaver","PENDING","REVIEW"
"res://assets/foundation/enemies/wolf.png","64","64","6526549DD5CAE37314D8671A2868548E0BE307E1539C42E9C846AAD95F80EB95","res://assets/foundation/enemies/wolf.png.import","","1","LEGACY_UNUSED","wolf","PENDING","REVIEW"
"res://assets/foundation/heroes_v2/animated/hunter_down.png","336","64","E973353FCDD0DACC75FEC5357D1481DDA3B02A29ECDE4C56E89D3A8AC1CD2C10","res://assets/foundation/heroes_v2/animated/hunter_down.png.import","","1","LEGACY_UNUSED","hunter_down","PENDING","REVIEW"
"res://assets/foundation/heroes_v2/animated/hunter_left.png","336","64","D8A5C7F761A828DEAFB5E2C502781EC1CE94EA47781C4411FBD989CB1AA8EC18","res://assets/foundation/heroes_v2/animated/hunter_left.png.import","","1","LEGACY_UNUSED","hunter_left","PENDING","REVIEW"
"res://assets/foundation/heroes_v2/animated/hunter_right.png","336","64","1FD767A8412A46303D094262F609CD2571EAC9E3EC24F5A62A55DB3C6AD1D433","res://assets/foundation/heroes_v2/animated/hunter_right.png.import","","1","LEGACY_UNUSED","hunter_right","PENDING","REVIEW"
"res://assets/foundation/heroes_v2/animated/hunter_up.png","336","64","B38D9C28B54B7B4510236B2203C11892F9E6B423E97AB3491855C00E84877138","res://assets/foundation/heroes_v2/animated/hunter_up.png.import","","1","LEGACY_UNUSED","hunter_up","PENDING","REVIEW"
"res://assets/foundation/heroes_v2/animated/mage_down.png","336","64","FEF2ABE179808DDDBB292D79A0C2DEF0D07175F54ACC1154D5271EBA76B38FB1","res://assets/foundation/heroes_v2/animated/mage_down.png.import","","1","LEGACY_UNUSED","mage_down","PENDING","REVIEW"
"res://assets/foundation/heroes_v2/animated/mage_left.png","336","64","B57CA789506A75EA30425BAB8E4F18605305560D87B32D7BF2435D062BDC4DC8","res://assets/foundation/heroes_v2/animated/mage_left.png.import","","1","LEGACY_UNUSED","mage_left","PENDING","REVIEW"
"res://assets/foundation/heroes_v2/animated/mage_right.png","336","64","ED31958F73E97A4AC3A43A58F275DC717F69FC0C0694EDB2E0E50DDA16DAC73C","res://assets/foundation/heroes_v2/animated/mage_right.png.import","","1","LEGACY_UNUSED","mage_right","PENDING","REVIEW"
"res://assets/foundation/heroes_v2/animated/mage_up.png","336","64","D9E22B384E6712FF2065EA5AD0BD197FC798A8B6D8B0509C946C691A4B23DA77","res://assets/foundation/heroes_v2/animated/mage_up.png.import","","1","LEGACY_UNUSED","mage_up","PENDING","REVIEW"
"res://assets/foundation/heroes_v2/animated/rogue_down.png","336","64","8E030107675F5642BED87EF26AFB6A289EECACEEAE97953665C96232B8FADE1A","res://assets/foundation/heroes_v2/animated/rogue_down.png.import","","1","LEGACY_UNUSED","rogue_down","PENDING","REVIEW"
"res://assets/foundation/heroes_v2/animated/rogue_left.png","336","64","031108CF3FB998AD6DA3F1BCC5262143435A3DB99E0364EAE19FA323E7A200AC","res://assets/foundation/heroes_v2/animated/rogue_left.png.import","","1","LEGACY_UNUSED","rogue_left","PENDING","REVIEW"
"res://assets/foundation/heroes_v2/animated/rogue_right.png","336","64","355FA24BC2CF8EBC4F0D1535350C966F0D57A1576990C30F8F884BBD21F6281C","res://assets/foundation/heroes_v2/animated/rogue_right.png.import","","1","LEGACY_UNUSED","rogue_right","PENDING","REVIEW"
"res://assets/foundation/heroes_v2/animated/rogue_up.png","336","64","9B900EB8F06ACBDB5CFEE140B9DF4BC4990E43B7F02DFD00D24F44DAC1CE2002","res://assets/foundation/heroes_v2/animated/rogue_up.png.import","","1","LEGACY_UNUSED","rogue_up","PENDING","REVIEW"
"res://assets/foundation/heroes_v2/animated/warrior_down.png","336","64","8D3F17EE710AF6135740797B3E3C93DE7E3D8A57A42ED581BA67D1330711BFCE","res://assets/foundation/heroes_v2/animated/warrior_down.png.import","","1","LEGACY_UNUSED","warrior_down","PENDING","REVIEW"
"res://assets/foundation/heroes_v2/animated/warrior_left.png","336","64","1AD285E4D4EEF704ED5AAFEFCFFDADC928FC758667DAF8FF0A15A489F783F2E7","res://assets/foundation/heroes_v2/animated/warrior_left.png.import","","1","LEGACY_UNUSED","warrior_left","PENDING","REVIEW"
"res://assets/foundation/heroes_v2/animated/warrior_right.png","336","64","67818E29217918A345A175FEDE74602769BC0AB37C26C40BAB76BB8B55600B9D","res://assets/foundation/heroes_v2/animated/warrior_right.png.import","","1","LEGACY_UNUSED","warrior_right","PENDING","REVIEW"
"res://assets/foundation/heroes_v2/animated/warrior_up.png","336","64","E5FD8C14ABD40646F6D9B54A53CFE9F36DD803B39CEEC21FF510CCF5A4CB388D","res://assets/foundation/heroes_v2/animated/warrior_up.png.import","","1","LEGACY_UNUSED","warrior_up","PENDING","REVIEW"
"res://assets/foundation/heroes_v2/hunter_down.png","56","64","94BA6DEF83B2FB484FACC5BC40FA0EA7E936C0E1CECAB422B5F267E351A281AD","res://assets/foundation/heroes_v2/hunter_down.png.import","","2","DUPLICATE","hunter_down","PENDING","BLOCKED"
"res://assets/foundation/heroes_v2/hunter_left.png","56","64","7C7E3F8B5D66750D54CB854DCAEB662CC02B5CFEDA75B4101DA03CE54F88A354","res://assets/foundation/heroes_v2/hunter_left.png.import","","2","DUPLICATE","hunter_left","PENDING","BLOCKED"
"res://assets/foundation/heroes_v2/hunter_right.png","56","64","7993895B450E09FB2A8595F1A93540E6103987DCAA2E11F82A79960435109856","res://assets/foundation/heroes_v2/hunter_right.png.import","","2","DUPLICATE","hunter_right","PENDING","BLOCKED"
"res://assets/foundation/heroes_v2/hunter_up.png","56","64","06A9BEE7D6A0C62A0F6B3A8E85A5E2156A1ED50FF78C7FD807C1464F9F3F0611","res://assets/foundation/heroes_v2/hunter_up.png.import","","2","DUPLICATE","hunter_up","PENDING","BLOCKED"
"res://assets/foundation/heroes_v2/mage_down.png","56","64","A99B324476AB1283F040999D4ABFB26871C10A4D85CB90003446FA0FD8D11D76","res://assets/foundation/heroes_v2/mage_down.png.import","","2","DUPLICATE","mage_down","PENDING","BLOCKED"
"res://assets/foundation/heroes_v2/mage_left.png","56","64","CC8B08E10B6271F92C23CA4AC058710BF3A0FE7C7FB02D88675F21E4D7C7488A","res://assets/foundation/heroes_v2/mage_left.png.import","","2","DUPLICATE","mage_left","PENDING","BLOCKED"
"res://assets/foundation/heroes_v2/mage_right.png","56","64","D6B2DFF5EB5A88691058B19B1159BD2B90D92CCFFF01C19412E3CA400191F453","res://assets/foundation/heroes_v2/mage_right.png.import","","2","DUPLICATE","mage_right","PENDING","BLOCKED"
"res://assets/foundation/heroes_v2/mage_up.png","56","64","D396387A2C5EA9CEB9A1EF62F369AE46E6DC386269C08FE25901F6E888CAD021","res://assets/foundation/heroes_v2/mage_up.png.import","","2","DUPLICATE","mage_up","PENDING","BLOCKED"
"res://assets/foundation/heroes_v2/rogue_down.png","56","64","C7C9D320FD081D270D64D29B00E7C568F62B5F3D82DAF60EA19C60892FE88F41","res://assets/foundation/heroes_v2/rogue_down.png.import","","2","DUPLICATE","rogue_down","PENDING","BLOCKED"
"res://assets/foundation/heroes_v2/rogue_left.png","56","64","42E46CEE0DD5FC9D6C169659F44C76BACD91AB2D986BD22BCC84AE3D086509B2","res://assets/foundation/heroes_v2/rogue_left.png.import","","2","DUPLICATE","rogue_left","PENDING","BLOCKED"
"res://assets/foundation/heroes_v2/rogue_right.png","56","64","628C2C35BEBC80368A6672F2A7939906FA270ED90FC230364E9D770866CFFBE2","res://assets/foundation/heroes_v2/rogue_right.png.import","","2","DUPLICATE","rogue_right","PENDING","BLOCKED"
"res://assets/foundation/heroes_v2/rogue_up.png","56","64","C2D87F2834B9E4EFCE10A45DD7633535FDC783861FB2BBFAF0DC224FFC6D3428","res://assets/foundation/heroes_v2/rogue_up.png.import","","2","DUPLICATE","rogue_up","PENDING","BLOCKED"
"res://assets/foundation/heroes_v2/warrior_down.png","56","64","221019F7C44B9A46058E5BC0AD0E771A63834850551C3EE28819E484F14141B0","res://assets/foundation/heroes_v2/warrior_down.png.import","","2","DUPLICATE","warrior_down","PENDING","BLOCKED"
"res://assets/foundation/heroes_v2/warrior_left.png","56","64","DD103297F805BC1334146A9E47B3986ED61438F76DBD01DF1CF258522A545D03","res://assets/foundation/heroes_v2/warrior_left.png.import","","2","DUPLICATE","warrior_left","PENDING","BLOCKED"
"res://assets/foundation/heroes_v2/warrior_right.png","56","64","8C30466B3143598F42AEA79DC886215C841D517C11154FAC29AAF9CFB6ED9A49","res://assets/foundation/heroes_v2/warrior_right.png.import","","2","DUPLICATE","warrior_right","PENDING","BLOCKED"
"res://assets/foundation/heroes_v2/warrior_up.png","56","64","265072CD77AC3AEA756511C0E8CCADB15D4112F57A4F2F59938AAFEB8739F692","res://assets/foundation/heroes_v2/warrior_up.png.import","","2","DUPLICATE","warrior_up","PENDING","BLOCKED"
"res://assets/foundation/sources/camp_decor_atlas_v1_alpha.png","1536","1024","104DC2A765605009B79C13F6F3192B39763CFEF755FF3A20C55716F432223005","res://assets/foundation/sources/camp_decor_atlas_v1_alpha.png.import","","1","LEGACY_UNUSED","camp_decor_atlas_v1_alpha","PENDING","REVIEW"
"res://assets/foundation/sources/camp_decor_atlas_v1_chroma.png","1536","1024","E1324BB5F5736731893F30FC011B9595965C5DA331C0D68D260555B894B2365C","res://assets/foundation/sources/camp_decor_atlas_v1_chroma.png.import","","1","LEGACY_UNUSED","camp_decor_atlas_v1_chroma","PENDING","REVIEW"
"res://assets/foundation/sources/enemies_atlas_v1_alpha.png","1254","1254","840FBD0DF77BC39FC05D2E74DD30FCC4B843F7CC7A6A706A80829AB3DCE293D4","res://assets/foundation/sources/enemies_atlas_v1_alpha.png.import","","1","LEGACY_UNUSED","enemies_atlas_v1_alpha","PENDING","REVIEW"
"res://assets/foundation/sources/enemies_atlas_v1_chroma.png","1254","1254","6B0BF1273DAE1660811286BF4FDBF9E22E68585CCFA9E6D414483D86A2F634C9","res://assets/foundation/sources/enemies_atlas_v1_chroma.png.import","","1","LEGACY_UNUSED","enemies_atlas_v1_chroma","PENDING","REVIEW"
"res://assets/foundation/sources/hall_growth_atlas_v1_alpha.png","1536","1024","EB1D5F4935546CD5F4E05E38DC1E0A004B5A6111773A6E0DD8367F3D01779969","res://assets/foundation/sources/hall_growth_atlas_v1_alpha.png.import","","1","LEGACY_UNUSED","hall_growth_atlas_v1_alpha","PENDING","REVIEW"
"res://assets/foundation/sources/hall_growth_atlas_v1_chroma.png","1536","1024","0F7E629719FF4A5AE43DA3D40245283997CFE55DC87AD44F4132DE86D5FDF1AC","res://assets/foundation/sources/hall_growth_atlas_v1_chroma.png.import","","1","LEGACY_UNUSED","hall_growth_atlas_v1_chroma","PENDING","REVIEW"
"res://assets/foundation/sources/heroes_atlas_v2_alpha.png","1254","1254","E9CB04AB7E516202B5EF7862CF0467C81D8A7192296F7D94D60FE377AD6887ED","res://assets/foundation/sources/heroes_atlas_v2_alpha.png.import","","1","LEGACY_UNUSED","heroes_atlas_v2_alpha","PENDING","REVIEW"
"res://assets/foundation/sources/heroes_atlas_v2_chroma.png","1254","1254","851A841366F75708B9D58604DC0B3ECBA46EAD8A54FE519393C1BCFD2FAE4AF8","res://assets/foundation/sources/heroes_atlas_v2_chroma.png.import","","1","LEGACY_UNUSED","heroes_atlas_v2_chroma","PENDING","REVIEW"
"res://assets/foundation/sources/imagegen_v2/controls_chroma.png","1024","1536","BA6038707F63A56C5D5C241A4D045E47A86749DD8FF8947C93186521520AC394","","","1","LEGACY_UNUSED","controls_chroma","PENDING","REVIEW"
"res://assets/foundation/sources/imagegen_v2/enemy_atlas_chroma.png","1254","1254","880E8F896572A574BB16AD750BF513B646B7D7A2E59B6EA98EAA0BB4F57B9941","","","1","LEGACY_UNUSED","enemy_atlas_chroma","PENDING","REVIEW"
"res://assets/foundation/sources/imagegen_v2/hud_icons_chroma.png","1536","1024","2BF931D7CD7EFEF1B123C9C50195F545164A7566A9A79D10E82293A1BA5B875A","","","1","LEGACY_UNUSED","hud_icons_chroma","PENDING","REVIEW"
"res://assets/foundation/sources/imagegen_v2/hud_rail_chroma.png","2003","785","E445A5DD920ED81DE3DAEE929121E83DDEFDC4D623CC089CAD0B4225FD65D2B3","","","1","LEGACY_UNUSED","hud_rail_chroma","PENDING","REVIEW"
"res://assets/foundation/sources/imagegen_v2/hunter_sheet_chroma.png","1254","1254","7E3EC6643DB9116CDC93AB04B96F9737BA0630C77A9F0C86FE5BAAD39CFDC824","","","1","LEGACY_UNUSED","hunter_sheet_chroma","PENDING","REVIEW"
"res://assets/foundation/sources/imagegen_v2/mage_sheet_chroma.png","1254","1254","021F784FEBD520E91930857E9799E790D731C67457DDE36CACE0515B180DC1FC","","","1","LEGACY_UNUSED","mage_sheet_chroma","PENDING","REVIEW"
"res://assets/foundation/sources/imagegen_v2/refuge_master.png","853","1844","A99EDC4344AF8364936F1C0307D625E3939C8055954F81B53838FD007BBEBF54","","","1","LEGACY_UNUSED","refuge_master","PENDING","REVIEW"
"res://assets/foundation/sources/imagegen_v2/rogue_sheet_chroma.png","1254","1254","6A8E027CF187361D2E2D4E1901DA8A9167FB85E3DA24F0E2D940EA4875DE8052","","","1","LEGACY_UNUSED","rogue_sheet_chroma","PENDING","REVIEW"
"res://assets/foundation/sources/imagegen_v2/warrior_sheet_chroma.png","1254","1254","CB936E22C372DD088C32792B753212E2365B4CB2C1064CBB063CF54549F5B66C","","","1","LEGACY_UNUSED","warrior_sheet_chroma","PENDING","REVIEW"
"res://assets/foundation/sources/imagegen_v3/campfire_chroma.png","2172","724","C1518917CFE0FFAAF18EF4AAEA4445D7AAD0CC7567989A2EA36D351A8AE4ECED","","","1","LEGACY_UNUSED","campfire_chroma","PENDING","REVIEW"
"res://assets/foundation/sources/imagegen_v3/cobble.png","1254","1254","6B516FA5D4C7D01818E12FA1A598529B474A2DA7E5AE0D73FBCFA6F68A15526E","","","1","LEGACY_UNUSED","cobble","PENDING","REVIEW"
"res://assets/foundation/sources/imagegen_v3/forest_chroma.png","1086","1449","45F91A53D4B3B2CA1AFE5DC3733393D5ED4F8F8E5715FEF81213FA9F14CCDEC7","","","1","LEGACY_UNUSED","forest_chroma","PENDING","REVIEW"
"res://assets/foundation/sources/imagegen_v3/forest_floor.png","1254","1254","735BDA0757803F99FAEC1ECF7A4133DD36A72BC855FC4381C04012994C84DA07","","","1","LEGACY_UNUSED","forest_floor","PENDING","REVIEW"
"res://assets/foundation/sources/imagegen_v3/hall_chroma.png","1149","1369","C4DF51AEF70E317A89EC78DB8F1BDDA82DE3C08A39E4919B1DABE4A5E872B188","","","1","LEGACY_UNUSED","hall_chroma","PENDING","REVIEW"
"res://assets/foundation/sources/imagegen_v3/palisade_gate_chroma.png","1536","1024","4EE4B64BBA07F1AA8520D1FBCA84514EB15B77650D544A1D000B3932E88306A3","","","1","LEGACY_UNUSED","palisade_gate_chroma","PENDING","REVIEW"
"res://assets/foundation/sources/imagegen_v3/plot_chroma.png","1536","1024","5DA224250144F5A7AF0229C9C8F5F5786F4BE63D347D36DBC5ACD7991D0BF4F1","","","1","LEGACY_UNUSED","plot_chroma","PENDING","REVIEW"
"res://assets/foundation/sources/imagegen_v3/props_chroma.png","1086","1448","F076DCA29471C5EF87D82F70DCCD7B1B96A8B725B2750C7783D8CF9E79699858","","","1","LEGACY_UNUSED","props_chroma","PENDING","REVIEW"
"res://assets/foundation/sources/imagegen_v3/road.png","1254","1254","59A51B422907D1C22C6E44972DA3A08159EC4CFD9B36E9E6171FD41089EBB330","","","1","LEGACY_UNUSED","road","PENDING","REVIEW"
"res://assets/foundation/sources/palisade_simple_atlas_v1_alpha.png","1774","887","0C3372D714BEF3224DA581A99C4D67FDC4103AB329F4945112F00AB566020192","res://assets/foundation/sources/palisade_simple_atlas_v1_alpha.png.import","","1","LEGACY_UNUSED","palisade_simple_atlas_v1_alpha","PENDING","REVIEW"
"res://assets/foundation/sources/palisade_simple_atlas_v1_chroma.png","1774","887","37DE4E2FA621D26BB531D59E56C168B458F921414A91B77A38A220C29D1B6622","res://assets/foundation/sources/palisade_simple_atlas_v1_chroma.png.import","","1","LEGACY_UNUSED","palisade_simple_atlas_v1_chroma","PENDING","REVIEW"
"res://assets/foundation/sources/palisade_vertical_v2_alpha.png","887","1774","F36FDB59414B5F3C1F72EB8A54CE3EEFAA9DE4C1FF59D2B5CB2530D6EEAAC977","res://assets/foundation/sources/palisade_vertical_v2_alpha.png.import","","1","LEGACY_UNUSED","palisade_vertical_v2_alpha","PENDING","REVIEW"
"res://assets/foundation/sources/palisade_vertical_v2_chroma.png","887","1774","9619CFA0EECA485E17265235454581CF10E495605F8BE15AEE369E9240A18747","res://assets/foundation/sources/palisade_vertical_v2_chroma.png.import","","1","LEGACY_UNUSED","palisade_vertical_v2_chroma","PENDING","REVIEW"
"res://assets/foundation/sources/palisade_vertical_v3_alpha.png","1122","1402","B2DB87CA50D1FEDF2EE51574720B63AC88386EF598747317FCF46CB9F83A3D85","res://assets/foundation/sources/palisade_vertical_v3_alpha.png.import","","1","LEGACY_UNUSED","palisade_vertical_v3_alpha","PENDING","REVIEW"
"res://assets/foundation/sources/palisade_vertical_v3_chroma.png","1122","1402","4E502320831A966EABCDEC6C7FAA14511BC117669898F8601612D147A79128B0","res://assets/foundation/sources/palisade_vertical_v3_chroma.png.import","","1","LEGACY_UNUSED","palisade_vertical_v3_chroma","PENDING","REVIEW"
"res://assets/foundation/sources/resource_banner_v1_alpha.png","2172","724","128F07D4DE57A3D7C9CCCC57C136509EAA9A3E1A7C429569BF4840AF089CAF89","res://assets/foundation/sources/resource_banner_v1_alpha.png.import","","1","LEGACY_UNUSED","resource_banner_v1_alpha","PENDING","REVIEW"
"res://assets/foundation/sources/resource_banner_v1_chroma.png","2172","724","CAB8C1ED602594EADEE126D3DCC32ABD74F355EE288081230C86C347B2484A5F","res://assets/foundation/sources/resource_banner_v1_chroma.png.import","","1","LEGACY_UNUSED","resource_banner_v1_chroma","PENDING","REVIEW"
"res://assets/foundation/sources/terrain_atlas_v1.png","1774","887","B64195DDDC0A25BA6412607C83D266CBF8B6766543F6184C1D317A0AD95AD3CD","res://assets/foundation/sources/terrain_atlas_v1.png.import","","1","LEGACY_UNUSED","terrain_atlas_v1","PENDING","REVIEW"
"res://assets/foundation/sources/town_atlas_v1_alpha.png","1254","1254","5B0C2BCB9B72B8224355485F46625AEE78705214E8F5F8F1E1C1FAB1DAEA20FF","res://assets/foundation/sources/town_atlas_v1_alpha.png.import","","1","LEGACY_UNUSED","town_atlas_v1_alpha","PENDING","REVIEW"
"res://assets/foundation/sources/town_atlas_v1_chroma.png","1254","1254","52FB17251F3B9739BD0C50EEDD118376972BE3830679F60EEF2426EBB3238C12","res://assets/foundation/sources/town_atlas_v1_chroma.png.import","","1","LEGACY_UNUSED","town_atlas_v1_chroma","PENDING","REVIEW"
"res://assets/foundation/terrain/blackthorn_overlays_reference.png","192","32","EAF4F0722F28B6860BF7BE7AF721DBB984AB139462EAFAA395919485F093FFC9","res://assets/foundation/terrain/blackthorn_overlays_reference.png.import","tools/build_blackthorn_tileset.gd","2","LEGACY_REFERENCED","blackthorn_overlays_reference","PENDING","BLOCKED"
"res://assets/foundation/terrain/blackthorn_tiles_32.png","128","64","67AC7CD54888AC932A91FBBD9105B166C86B7C3C0144B74CE8071BFA50938093","res://assets/foundation/terrain/blackthorn_tiles_32.png.import","","1","LEGACY_UNUSED","blackthorn_tiles_32","PENDING","REVIEW"
"res://assets/foundation/terrain/blackthorn_tiles_reference.png","192","288","85708D5A1D2921C23691E9A6B450687FC2F1B1F738663BC91EE145D42E4325EE","res://assets/foundation/terrain/blackthorn_tiles_reference.png.import","tools/build_blackthorn_tileset.gd","2","LEGACY_REFERENCED","blackthorn_tiles_reference","PENDING","BLOCKED"
"res://assets/foundation/terrain/forest_cluster_0.png","64","96","EFFC6D6CB5D8F847D90A5CF6C0F670DB078DBF8115DDDBB174DA1F2E2E187812","res://assets/foundation/terrain/forest_cluster_0.png.import","","2","DUPLICATE","forest_cluster_0","PENDING","BLOCKED"
"res://assets/foundation/terrain/forest_cluster_1.png","64","96","4FB1B83865FC636B3431641398FC8681B3E1CC8A3ED8C19A6A0A000C8765CB57","res://assets/foundation/terrain/forest_cluster_1.png.import","","2","DUPLICATE","forest_cluster_1","PENDING","BLOCKED"
"res://assets/foundation/terrain/forest_cluster_2.png","64","96","E58C73150D5AAEB6E8F2E7E89826E806E1E1E0353D229053C6958DDEBEA149D5","res://assets/foundation/terrain/forest_cluster_2.png.import","","2","DUPLICATE","forest_cluster_2","PENDING","BLOCKED"
"res://assets/foundation/terrain/forest_cluster_3.png","64","96","03D585AB7B2B0434EA9B7FB6EBDE5585252F85ED7135003AD03F23A5F8260B62","res://assets/foundation/terrain/forest_cluster_3.png.import","","2","DUPLICATE","forest_cluster_3","PENDING","BLOCKED"
"res://assets/foundation/town/armory.png","128","112","89BEF387369353A749A359B6A9786298F3BA181A09E547441D65E2B5BACE47A8","res://assets/foundation/town/armory.png.import","","1","LEGACY_UNUSED","armory","PENDING","REVIEW"
"res://assets/foundation/town/blacksmith.png","128","112","BFFEC029BC5EDE1398C518F27AC6E063A7831E8A2B230A836B50C451FCCD6465","res://assets/foundation/town/blacksmith.png.import","","1","LEGACY_UNUSED","blacksmith","PENDING","REVIEW"
"res://assets/foundation/town/campfire.png","96","72","54E601B6C029BE12B2F486C6C66890CAE8FAF01EADE737AD6E27D90B736849F7","res://assets/foundation/town/campfire.png.import","","1","LEGACY_UNUSED","campfire","PENDING","REVIEW"
"res://assets/foundation/town/campfire_flames.png","144","32","3E9CDF4B0EC7BF62D2579B1CCE54EBF1222BACB1E512D2F05BC340DF6E363E94","res://assets/foundation/town/campfire_flames.png.import","","1","LEGACY_UNUSED","campfire_flames","PENDING","REVIEW"
"res://assets/foundation/town/campfire_glow.png","96","96","42EA83870A5868B9E1DCF3EA77182BC2DF719F9820A0BB63F05461D52FC6155E","res://assets/foundation/town/campfire_glow.png.import","","1","LEGACY_UNUSED","campfire_glow","PENDING","REVIEW"
"res://assets/foundation/town/decor/banner.png","39","72","E9364F9E13C5239179FC93B063AB28FF15991545EB6D4D8E760293F0A0108EDA","res://assets/foundation/town/decor/banner.png.import","","2","DUPLICATE","banner","PENDING","BLOCKED"
"res://assets/foundation/town/decor/barrels.png","52","60","E9FB725A8A82C1A47277058FF5EB28F1E830BE0CB51E54F49D7895C2002C21CD","res://assets/foundation/town/decor/barrels.png.import","","2","DUPLICATE","barrels","PENDING","BLOCKED"
"res://assets/foundation/town/decor/brazier.png","43","56","B04F03D4FDFC160066AC231919F021C5CB6A455C44D4F5B874F30762CFAA62A4","res://assets/foundation/town/decor/brazier.png.import","","2","DUPLICATE","brazier","PENDING","BLOCKED"
"res://assets/foundation/town/decor/crates.png","58","54","AC2E946B6BEA6E101B117CEA7FCB1EDE8A727D45FE0A18356CE37CD3470B4586","res://assets/foundation/town/decor/crates.png.import","","2","DUPLICATE","crates","PENDING","BLOCKED"
"res://assets/foundation/town/decor/drying_rack.png","57","58","676B4234E44C876C3D41E4C91A94005149D53F7530498681AFAA23663072E7B0","res://assets/foundation/town/decor/drying_rack.png.import","","2","DUPLICATE","drying_rack","PENDING","BLOCKED"
"res://assets/foundation/town/decor/firewood.png","62","50","8BB4FE8A60CCA6EADFBB47FE88E284A713DA108801E8284F3A057A1C73CB052F","res://assets/foundation/town/decor/firewood.png.import","","2","DUPLICATE","firewood","PENDING","BLOCKED"
"res://assets/foundation/town/decor/handcart.png","67","60","083D30C1B2F64F57048EF93916EAC441B2CE617DE45D83EC811CA51804222D2B","res://assets/foundation/town/decor/handcart.png.import","","2","DUPLICATE","handcart","PENDING","BLOCKED"
"res://assets/foundation/town/decor/weapon_rack.png","60","68","161B2C5718AC7CB675EF8C09C568128B9DC6F40D4523A8B1D13CB21884568CE2","res://assets/foundation/town/decor/weapon_rack.png.import","","2","DUPLICATE","weapon_rack","PENDING","BLOCKED"
"res://assets/foundation/town/outlines/armory.png","128","112","C233E2E2B2F299312C62B7B40D0B595831928616BAAF86196AB3808829938A69","res://assets/foundation/town/outlines/armory.png.import","","9","DUPLICATE","armory","PENDING","BLOCKED"
"res://assets/foundation/town/outlines/blacksmith.png","128","112","D0A5F3BA287453E5C2604FAD229E10C27BBE3B45EEDEF04D9616A1E73E8C6766","res://assets/foundation/town/outlines/blacksmith.png.import","","9","DUPLICATE","blacksmith","PENDING","BLOCKED"
"res://assets/foundation/town/outlines/campfire.png","96","72","06A5FF5A475E3A5918D4E26E9E967F7513D3E7DAEE379CD6D0C159BA6BB60E1A","res://assets/foundation/town/outlines/campfire.png.import","","1","LEGACY_UNUSED","campfire","PENDING","REVIEW"
"res://assets/foundation/town/outlines/quartermaster.png","128","112","355B240A3A82553475698D49E0497AA1285D902F8E8767BDE34FA183B8B335EB","res://assets/foundation/town/outlines/quartermaster.png.import","","9","DUPLICATE","quartermaster","PENDING","BLOCKED"
"res://assets/foundation/town/outlines/tiers/armory_0.png","128","112","C233E2E2B2F299312C62B7B40D0B595831928616BAAF86196AB3808829938A69","res://assets/foundation/town/outlines/tiers/armory_0.png.import","","9","DUPLICATE","armory_0","PENDING","BLOCKED"
"res://assets/foundation/town/outlines/tiers/armory_1.png","128","112","C233E2E2B2F299312C62B7B40D0B595831928616BAAF86196AB3808829938A69","res://assets/foundation/town/outlines/tiers/armory_1.png.import","","9","DUPLICATE","armory_1","PENDING","BLOCKED"
"res://assets/foundation/town/outlines/tiers/armory_2.png","128","112","C233E2E2B2F299312C62B7B40D0B595831928616BAAF86196AB3808829938A69","res://assets/foundation/town/outlines/tiers/armory_2.png.import","","9","DUPLICATE","armory_2","PENDING","BLOCKED"
"res://assets/foundation/town/outlines/tiers/armory_3.png","128","112","C233E2E2B2F299312C62B7B40D0B595831928616BAAF86196AB3808829938A69","res://assets/foundation/town/outlines/tiers/armory_3.png.import","","9","DUPLICATE","armory_3","PENDING","BLOCKED"
"res://assets/foundation/town/outlines/tiers/blacksmith_0.png","128","112","D0A5F3BA287453E5C2604FAD229E10C27BBE3B45EEDEF04D9616A1E73E8C6766","res://assets/foundation/town/outlines/tiers/blacksmith_0.png.import","","9","DUPLICATE","blacksmith_0","PENDING","BLOCKED"
"res://assets/foundation/town/outlines/tiers/blacksmith_1.png","128","112","D0A5F3BA287453E5C2604FAD229E10C27BBE3B45EEDEF04D9616A1E73E8C6766","res://assets/foundation/town/outlines/tiers/blacksmith_1.png.import","","9","DUPLICATE","blacksmith_1","PENDING","BLOCKED"
"res://assets/foundation/town/outlines/tiers/blacksmith_2.png","128","112","D0A5F3BA287453E5C2604FAD229E10C27BBE3B45EEDEF04D9616A1E73E8C6766","res://assets/foundation/town/outlines/tiers/blacksmith_2.png.import","","9","DUPLICATE","blacksmith_2","PENDING","BLOCKED"
"res://assets/foundation/town/outlines/tiers/blacksmith_3.png","128","112","D0A5F3BA287453E5C2604FAD229E10C27BBE3B45EEDEF04D9616A1E73E8C6766","res://assets/foundation/town/outlines/tiers/blacksmith_3.png.import","","9","DUPLICATE","blacksmith_3","PENDING","BLOCKED"
"res://assets/foundation/town/outlines/tiers/construction_plot.png","129","84","1157B37D7633CBB5C2FA833B52DC2C65DC1FCDD393A9DD6F9B4400D3EE8C8C5B","res://assets/foundation/town/outlines/tiers/construction_plot.png.import","","2","DUPLICATE","construction_plot","PENDING","BLOCKED"
"res://assets/foundation/town/outlines/tiers/quartermaster_0.png","128","112","355B240A3A82553475698D49E0497AA1285D902F8E8767BDE34FA183B8B335EB","res://assets/foundation/town/outlines/tiers/quartermaster_0.png.import","","9","DUPLICATE","quartermaster_0","PENDING","BLOCKED"
"res://assets/foundation/town/outlines/tiers/quartermaster_1.png","128","112","355B240A3A82553475698D49E0497AA1285D902F8E8767BDE34FA183B8B335EB","res://assets/foundation/town/outlines/tiers/quartermaster_1.png.import","","9","DUPLICATE","quartermaster_1","PENDING","BLOCKED"
"res://assets/foundation/town/outlines/tiers/quartermaster_2.png","128","112","355B240A3A82553475698D49E0497AA1285D902F8E8767BDE34FA183B8B335EB","res://assets/foundation/town/outlines/tiers/quartermaster_2.png.import","","9","DUPLICATE","quartermaster_2","PENDING","BLOCKED"
"res://assets/foundation/town/outlines/tiers/quartermaster_3.png","128","112","355B240A3A82553475698D49E0497AA1285D902F8E8767BDE34FA183B8B335EB","res://assets/foundation/town/outlines/tiers/quartermaster_3.png.import","","9","DUPLICATE","quartermaster_3","PENDING","BLOCKED"
"res://assets/foundation/town/outlines/tiers/training_0.png","128","112","32A0C74352062A93EF5CB60BA4D46AB90E4141268F1E55C6D125E3AA6EA266B7","res://assets/foundation/town/outlines/tiers/training_0.png.import","","13","DUPLICATE","training_0","PENDING","BLOCKED"
"res://assets/foundation/town/outlines/tiers/training_1.png","128","112","32A0C74352062A93EF5CB60BA4D46AB90E4141268F1E55C6D125E3AA6EA266B7","res://assets/foundation/town/outlines/tiers/training_1.png.import","","13","DUPLICATE","training_1","PENDING","BLOCKED"
"res://assets/foundation/town/outlines/tiers/training_2.png","128","112","32A0C74352062A93EF5CB60BA4D46AB90E4141268F1E55C6D125E3AA6EA266B7","res://assets/foundation/town/outlines/tiers/training_2.png.import","","13","DUPLICATE","training_2","PENDING","BLOCKED"
"res://assets/foundation/town/outlines/tiers/training_3.png","128","112","32A0C74352062A93EF5CB60BA4D46AB90E4141268F1E55C6D125E3AA6EA266B7","res://assets/foundation/town/outlines/tiers/training_3.png.import","","13","DUPLICATE","training_3","PENDING","BLOCKED"
"res://assets/foundation/town/outlines/tiers/training_4.png","128","112","32A0C74352062A93EF5CB60BA4D46AB90E4141268F1E55C6D125E3AA6EA266B7","res://assets/foundation/town/outlines/tiers/training_4.png.import","","13","DUPLICATE","training_4","PENDING","BLOCKED"
"res://assets/foundation/town/outlines/tiers/training_5.png","128","112","32A0C74352062A93EF5CB60BA4D46AB90E4141268F1E55C6D125E3AA6EA266B7","res://assets/foundation/town/outlines/tiers/training_5.png.import","","13","DUPLICATE","training_5","PENDING","BLOCKED"
"res://assets/foundation/town/outlines/tiers/veterans_hall_0.png","116","108","004D6860137E1F3AB768A2CA91958F7E136A632CA9E898F76ED3E4BF13F01542","res://assets/foundation/town/outlines/tiers/veterans_hall_0.png.import","","1","LEGACY_UNUSED","veterans_hall_0","PENDING","REVIEW"
"res://assets/foundation/town/outlines/tiers/veterans_hall_1.png","81","124","F0FB69FAB2A5978BEC865811DB2F80E503AC56148AD61CE7F5CCD51EAE4CC46C","res://assets/foundation/town/outlines/tiers/veterans_hall_1.png.import","","1","LEGACY_UNUSED","veterans_hall_1","PENDING","REVIEW"
"res://assets/foundation/town/outlines/tiers/veterans_hall_2.png","128","140","A07044F0E5B7419E8FA2D5CEFFA974A0E90EDA8DB64191D5350B8C3E2E559E6D","res://assets/foundation/town/outlines/tiers/veterans_hall_2.png.import","","2","DUPLICATE","veterans_hall_2","PENDING","BLOCKED"
"res://assets/foundation/town/outlines/tiers/veterans_hall_3.png","155","154","C42A11434FC31914717CCCC526C2810417B27291D998BB179A883B81C8B85B73","res://assets/foundation/town/outlines/tiers/veterans_hall_3.png.import","","2","DUPLICATE","veterans_hall_3","PENDING","BLOCKED"
"res://assets/foundation/town/outlines/tiers/veterans_hall_4.png","145","168","209228563CDB1939D9AFB8989AC2BA187A9CEE5693BADA3B447EFBF1C14A8799","res://assets/foundation/town/outlines/tiers/veterans_hall_4.png.import","","2","DUPLICATE","veterans_hall_4","PENDING","BLOCKED"
"res://assets/foundation/town/outlines/town_gate.png","128","80","5D7C019F7E2FF997ACCEE331F923D50F24C0A505D587DF9C5B363A66193E2798","res://assets/foundation/town/outlines/town_gate.png.import","","1","LEGACY_UNUSED","town_gate","PENDING","REVIEW"
"res://assets/foundation/town/outlines/training.png","128","112","32A0C74352062A93EF5CB60BA4D46AB90E4141268F1E55C6D125E3AA6EA266B7","res://assets/foundation/town/outlines/training.png.import","","13","DUPLICATE","training","PENDING","BLOCKED"
"res://assets/foundation/town/outlines/veterans_hall.png","128","112","4ADF26B1E1FE3FEBD95319CBD70AE2D14BB50A312E6454E6C7372330A9E1D4D5","res://assets/foundation/town/outlines/veterans_hall.png.import","","1","LEGACY_UNUSED","veterans_hall","PENDING","REVIEW"
"res://assets/foundation/town/outlines/wall_corner.png","96","80","6C3A4750D88477C6C28E5EA61EADBFA25007B06D6AB5C55624BE5BB98D66FBA8","res://assets/foundation/town/outlines/wall_corner.png.import","","1","LEGACY_UNUSED","wall_corner","PENDING","REVIEW"
"res://assets/foundation/town/outlines/wall_straight.png","128","64","3543CC130BCEE005879DE761D8D6D06B1621D7C18C3FA04462AFFC9B7E575248","res://assets/foundation/town/outlines/wall_straight.png.import","","1","LEGACY_UNUSED","wall_straight","PENDING","REVIEW"
"res://assets/foundation/town/outlines/wall_vertical_left.png","64","128","71D41AEEF25AA3A7D047BE5A74BAAFAC7FAF499C15FA47177EBD132E1F543880","res://assets/foundation/town/outlines/wall_vertical_left.png.import","","1","LEGACY_UNUSED","wall_vertical_left","PENDING","REVIEW"
"res://assets/foundation/town/outlines/wall_vertical_right.png","64","128","61C452DC2740320F74245627773DB365B1C170E77EC5F1BAB165E82B253DC5CA","res://assets/foundation/town/outlines/wall_vertical_right.png.import","","1","LEGACY_UNUSED","wall_vertical_right","PENDING","REVIEW"
"res://assets/foundation/town/palisade_simple/wall_horizontal.png","128","64","56A99CEC0BD8E7BDE275C7C98F5E6DE86A43E128E887E469FA12AADFEC8B8997","res://assets/foundation/town/palisade_simple/wall_horizontal.png.import","","1","LEGACY_UNUSED","wall_horizontal","PENDING","REVIEW"
"res://assets/foundation/town/palisade_simple/wall_pole.png","16","64","C9022F3EF4D52425BF30EAF4B24C0070FBFCC8337257E360847DAFB4FC04A98A","res://assets/foundation/town/palisade_simple/wall_pole.png.import","","2","DUPLICATE","wall_pole","PENDING","BLOCKED"
"res://assets/foundation/town/palisade_simple/wall_vertical.png","64","128","D12CB0B7DD1B23B289235D37EFD3B7874469C7783EEDCD55FD8C6CFC708A00D4","res://assets/foundation/town/palisade_simple/wall_vertical.png.import","","1","LEGACY_UNUSED","wall_vertical","PENDING","REVIEW"
"res://assets/foundation/town/quartermaster.png","128","112","835211A86A037C7F5094876E587EB1DCA6F1BBCB5FE81BDD4AEAB960A05CA82C","res://assets/foundation/town/quartermaster.png.import","","1","LEGACY_UNUSED","quartermaster","PENDING","REVIEW"
"res://assets/foundation/town/tiers/armory_0.png","128","112","0C23BF7AB0E3D223A98B4FCB7317855D3347BC6E9CA4AC21E15695F1FAB47F38","res://assets/foundation/town/tiers/armory_0.png.import","","2","DUPLICATE","armory_0","PENDING","BLOCKED"
"res://assets/foundation/town/tiers/armory_1.png","128","112","17D48DCC652D924206E13EFBCBE180C63B2DC878C8F476D5F767CEA9A421175B","res://assets/foundation/town/tiers/armory_1.png.import","","2","DUPLICATE","armory_1","PENDING","BLOCKED"
"res://assets/foundation/town/tiers/armory_2.png","128","112","7673E3BFD878D9B9374EFA1FCA60A3A95D63F32178CC554F6AE171C60A53C3D4","res://assets/foundation/town/tiers/armory_2.png.import","","2","DUPLICATE","armory_2","PENDING","BLOCKED"
"res://assets/foundation/town/tiers/armory_3.png","128","112","1D0A9A2D1B3C7DA36DCB5874A07273F128425D2FA3F5FDFF9338428BCBF4E6FD","res://assets/foundation/town/tiers/armory_3.png.import","","2","DUPLICATE","armory_3","PENDING","BLOCKED"
"res://assets/foundation/town/tiers/blacksmith_0.png","128","112","F8B3CF67B6952F0DF9F50406DCC350DD5C3EF0932EC948E696EA6250AE2E6EA3","res://assets/foundation/town/tiers/blacksmith_0.png.import","","2","DUPLICATE","blacksmith_0","PENDING","BLOCKED"
"res://assets/foundation/town/tiers/blacksmith_1.png","128","112","334AF281F30907843200700F72DA0D5694FE4A73D067192E7191765E91756430","res://assets/foundation/town/tiers/blacksmith_1.png.import","","2","DUPLICATE","blacksmith_1","PENDING","BLOCKED"
"res://assets/foundation/town/tiers/blacksmith_2.png","128","112","98C601DEA3A1EE48531B12DDCE3983897900FF00EDA8D43DC6D60A032903349E","res://assets/foundation/town/tiers/blacksmith_2.png.import","","2","DUPLICATE","blacksmith_2","PENDING","BLOCKED"
"res://assets/foundation/town/tiers/blacksmith_3.png","128","112","59840FD42396BD728A09A5A740DF98DA83C792149CB11B811CF3FDDB1E545522","res://assets/foundation/town/tiers/blacksmith_3.png.import","","2","DUPLICATE","blacksmith_3","PENDING","BLOCKED"
"res://assets/foundation/town/tiers/construction_plot.png","129","84","3C7A8C23ECCAE90EFC765EF8811F641690E32161C3DD6D8232BE33CEA5EDBC26","res://assets/foundation/town/tiers/construction_plot.png.import","","2","DUPLICATE","construction_plot","PENDING","BLOCKED"
"res://assets/foundation/town/tiers/quartermaster_0.png","128","112","95C38945416B1CDF103CE53B51314F26D3CEA3371CD4789DFB2FF6D8ADEDC1D2","res://assets/foundation/town/tiers/quartermaster_0.png.import","","2","DUPLICATE","quartermaster_0","PENDING","BLOCKED"
"res://assets/foundation/town/tiers/quartermaster_1.png","128","112","8F6977D61BBB96BB6C7EB0C13752C81A389305E27868E14797C688CA4CB5DA27","res://assets/foundation/town/tiers/quartermaster_1.png.import","","2","DUPLICATE","quartermaster_1","PENDING","BLOCKED"
"res://assets/foundation/town/tiers/quartermaster_2.png","128","112","BE76937558C36B953B3E407C5A75D5950B9A5AB34260DF8ECB30641D9D301AA0","res://assets/foundation/town/tiers/quartermaster_2.png.import","","2","DUPLICATE","quartermaster_2","PENDING","BLOCKED"
"res://assets/foundation/town/tiers/quartermaster_3.png","128","112","7F236C3BC081DED76F1EACE94E63451300000EA4E445C1735F2D32914AA3F828","res://assets/foundation/town/tiers/quartermaster_3.png.import","","2","DUPLICATE","quartermaster_3","PENDING","BLOCKED"
"res://assets/foundation/town/tiers/training_0.png","128","112","22D437B1DF7216080DF08653E0CAD0EE2F61183AE77932EB453BF2A064E70ACE","res://assets/foundation/town/tiers/training_0.png.import","","2","DUPLICATE","training_0","PENDING","BLOCKED"
"res://assets/foundation/town/tiers/training_1.png","128","112","65048F18BD3014F3F9656628731BC7BDD56648ED51573066BA5CBECD2FAFED80","res://assets/foundation/town/tiers/training_1.png.import","","2","DUPLICATE","training_1","PENDING","BLOCKED"
"res://assets/foundation/town/tiers/training_2.png","128","112","C63600C416A36B14C0E85973393FC7C19BFC3B84B404187A01DA8BB05CC2B3D5","res://assets/foundation/town/tiers/training_2.png.import","","2","DUPLICATE","training_2","PENDING","BLOCKED"
"res://assets/foundation/town/tiers/training_3.png","128","112","4C74640C10623DC3C9C45D1F9E0C9D183A280AF2968C923782AFCF35E5BA8C14","res://assets/foundation/town/tiers/training_3.png.import","","2","DUPLICATE","training_3","PENDING","BLOCKED"
"res://assets/foundation/town/tiers/training_4.png","128","112","70F15DB8A5434FADEB2C688D7071C224A89E42507196C7A40A90C124C87462B6","res://assets/foundation/town/tiers/training_4.png.import","","2","DUPLICATE","training_4","PENDING","BLOCKED"
"res://assets/foundation/town/tiers/training_5.png","128","112","0BDE05E70FF142B16AA39E9E425554FA51272F36C6E32A6D43C88173CD0F0895","res://assets/foundation/town/tiers/training_5.png.import","","2","DUPLICATE","training_5","PENDING","BLOCKED"
"res://assets/foundation/town/tiers/veterans_hall_0.png","116","108","BA67EA81FCA126B5FA91838025C9EE342F2BF3CCE1554707C94C39D6C4491243","res://assets/foundation/town/tiers/veterans_hall_0.png.import","","1","LEGACY_UNUSED","veterans_hall_0","PENDING","REVIEW"
"res://assets/foundation/town/tiers/veterans_hall_1.png","81","124","01C53343B044C8DE868E89555987D81DF1CC749236842E36D14CD7E29300BE4F","res://assets/foundation/town/tiers/veterans_hall_1.png.import","","1","LEGACY_UNUSED","veterans_hall_1","PENDING","REVIEW"
"res://assets/foundation/town/tiers/veterans_hall_2.png","128","140","84ED6F5DFBFAC11737FC4102D06F3B4AC0A337B262B4DA8BCB5FC1EF4696A211","res://assets/foundation/town/tiers/veterans_hall_2.png.import","","2","DUPLICATE","veterans_hall_2","PENDING","BLOCKED"
"res://assets/foundation/town/tiers/veterans_hall_3.png","155","154","2481CD1EA1E8D2562A863771808639C1C9ACE8D32BDC882AC21750C9CEC354E8","res://assets/foundation/town/tiers/veterans_hall_3.png.import","","2","DUPLICATE","veterans_hall_3","PENDING","BLOCKED"
"res://assets/foundation/town/tiers/veterans_hall_4.png","145","168","B7E0B4536279AEEBD93944CE77FF72049940A4651220E2FA33D7BA148FE901DE","res://assets/foundation/town/tiers/veterans_hall_4.png.import","","2","DUPLICATE","veterans_hall_4","PENDING","BLOCKED"
"res://assets/foundation/town/town_gate.png","128","80","EB91A1DC52A5540ED401C9D972CFC584B1214C880AE3E29890A80B0E6E0566B1","res://assets/foundation/town/town_gate.png.import","","2","DUPLICATE","town_gate","PENDING","BLOCKED"
"res://assets/foundation/town/training.png","128","112","5040CFB13990AD83108DA8E7F7AE8381F6FD8BCD93B403531D092164EA64A4BB","res://assets/foundation/town/training.png.import","","1","LEGACY_UNUSED","training","PENDING","REVIEW"
"res://assets/foundation/town/veterans_hall.png","128","112","43CDA7CE2111DA98A45952D191FD07BAF37E38E403E3544CAE4B8ACB9CECBC96","res://assets/foundation/town/veterans_hall.png.import","","1","LEGACY_UNUSED","veterans_hall","PENDING","REVIEW"
"res://assets/foundation/town/wall_corner.png","96","80","3D5BC15CB5E86181A4DC61B5929A6A31CF8C3E99CC578DC5354D8CF6ADE25B13","res://assets/foundation/town/wall_corner.png.import","","1","LEGACY_UNUSED","wall_corner","PENDING","REVIEW"
"res://assets/foundation/town/wall_straight.png","128","64","ECA0E37494E667024ECE3097DC09BDEB03D4B4E87006CDEDBC00A3EA2E37C6B9","res://assets/foundation/town/wall_straight.png.import","","1","LEGACY_UNUSED","wall_straight","PENDING","REVIEW"
"res://assets/foundation/town/wall_vertical_left.png","64","128","09C848192D692C407BD5B9A34D988B3B9E387E5AD472173DADBF8D2CBC407982","res://assets/foundation/town/wall_vertical_left.png.import","","1","LEGACY_UNUSED","wall_vertical_left","PENDING","REVIEW"
"res://assets/foundation/town/wall_vertical_right.png","64","128","F86E527224E2F4F361955C00BAF9E3A76E0394463A65A68666949E8F148F16E0","res://assets/foundation/town/wall_vertical_right.png.import","","1","LEGACY_UNUSED","wall_vertical_right","PENDING","REVIEW"
"res://assets/generated/reference_v2/enemies/archer.png","240","64","FD794CF904F645EEDA46C80D7D4B17B6D0F0298D1F31138ABE832A16107D6504","res://assets/generated/reference_v2/enemies/archer.png.import","","2","DUPLICATE","archer","PENDING","BLOCKED"
"res://assets/generated/reference_v2/enemies/barrow_knight.png","320","88","370812B6388E05A2856C01CC0256CFF6EA62DD1A58679FC81401D3148472C856","res://assets/generated/reference_v2/enemies/barrow_knight.png.import","","2","DUPLICATE","barrow_knight","PENDING","BLOCKED"
"res://assets/generated/reference_v2/enemies/blighted.png","224","68","D36A52D11D7E25793F52FB9F800F9E24152DE57FF8504FF46A736B782D2A8AAA","res://assets/generated/reference_v2/enemies/blighted.png.import","","2","DUPLICATE","blighted","PENDING","BLOCKED"
"res://assets/generated/reference_v2/enemies/crow.png","272","56","D5D5CA3DA3D5B972FE5BDF8263D2F79D81F51068C74E2B460ACC8CE23F6C5036","res://assets/generated/reference_v2/enemies/crow.png.import","","2","DUPLICATE","crow","PENDING","BLOCKED"
"res://assets/generated/reference_v2/enemies/grave_guard.png","272","76","9A984203D4F7C8D53F27BC7017CC01948910E8A19F7514C1D09BE2B0CE542276","res://assets/generated/reference_v2/enemies/grave_guard.png.import","","2","DUPLICATE","grave_guard","PENDING","BLOCKED"
"res://assets/generated/reference_v2/enemies/houndmaster.png","256","72","1C648643CEFED4E5D53F8C0DEA3E974E59B864EF40AE0AE7540F4F9549919BF4","res://assets/generated/reference_v2/enemies/houndmaster.png.import","","2","DUPLICATE","houndmaster","PENDING","BLOCKED"
"res://assets/generated/reference_v2/enemies/raider.png","224","64","01CE72E253786FFA92B15F29C6EB666983D91176F65AEE3CBDDA44B050227F48","res://assets/generated/reference_v2/enemies/raider.png.import","","2","DUPLICATE","raider","PENDING","BLOCKED"
"res://assets/generated/reference_v2/enemies/reaver.png","240","68","5A398FCBBCD555A3B80F128968AE8CBC147E4880DEF6E0D24836CA15746DD503","res://assets/generated/reference_v2/enemies/reaver.png.import","","2","DUPLICATE","reaver","PENDING","BLOCKED"
"res://assets/generated/reference_v2/enemies/wolf.png","240","48","0E4ADF91FF153B1AABECB0EEA1A870A04B97F93668C01D223AF72572C53E1747","res://assets/generated/reference_v2/enemies/wolf.png.import","","2","DUPLICATE","wolf","PENDING","BLOCKED"
"res://assets/generated/reference_v2/heroes/hunter_down.png","336","64","08A7E314FB762A24AADEAC601BEC935D8A941F81A2F68873B31B37F01033C3B8","res://assets/generated/reference_v2/heroes/hunter_down.png.import","","1","LEGACY_UNUSED","hunter_down","PENDING","REVIEW"
"res://assets/generated/reference_v2/heroes/hunter_left.png","336","64","97BF0302D6DC92B8B79BA00388AC3CDD1B34B199842D20E904F8EC98DC82CB04","res://assets/generated/reference_v2/heroes/hunter_left.png.import","","1","LEGACY_UNUSED","hunter_left","PENDING","REVIEW"
"res://assets/generated/reference_v2/heroes/hunter_right.png","336","64","AC1522756C390448ECCBA169FFEDB8E3E1CF964F6466779BBFCDF3A7AB32D183","res://assets/generated/reference_v2/heroes/hunter_right.png.import","","1","LEGACY_UNUSED","hunter_right","PENDING","REVIEW"
"res://assets/generated/reference_v2/heroes/hunter_up.png","336","64","3DE9D1E84BC12EA4AE3073718EA92F17BE84CFDE9FB818E5EF81DF2B7EADAF0F","res://assets/generated/reference_v2/heroes/hunter_up.png.import","","1","LEGACY_UNUSED","hunter_up","PENDING","REVIEW"
"res://assets/generated/reference_v2/heroes/mage_down.png","336","64","E6CF232C0D2DE475BD4F1315CBF22F84E9E59CE68D36BCA85B8530010631C84F","res://assets/generated/reference_v2/heroes/mage_down.png.import","","1","LEGACY_UNUSED","mage_down","PENDING","REVIEW"
"res://assets/generated/reference_v2/heroes/mage_left.png","336","64","844758438FF139AB012D9A406CED989BE234898BAFE4AD346EE0829F21667A4E","res://assets/generated/reference_v2/heroes/mage_left.png.import","","1","LEGACY_UNUSED","mage_left","PENDING","REVIEW"
"res://assets/generated/reference_v2/heroes/mage_right.png","336","64","3093400D15031CC18EC4C402F8244B3A4C5A6A2DE6165086A223C2910DAFD29A","res://assets/generated/reference_v2/heroes/mage_right.png.import","","1","LEGACY_UNUSED","mage_right","PENDING","REVIEW"
"res://assets/generated/reference_v2/heroes/mage_up.png","336","64","E97B20779E8D777458FBEA5E2B7D763475E862AC2FC1200DA11D80F051BF1268","res://assets/generated/reference_v2/heroes/mage_up.png.import","","1","LEGACY_UNUSED","mage_up","PENDING","REVIEW"
"res://assets/generated/reference_v2/heroes/rogue_down.png","336","64","24E4760E305BBE3592ED1760F0D080E1E1A618EB84D793D6B036C029B49DD00A","res://assets/generated/reference_v2/heroes/rogue_down.png.import","","1","LEGACY_UNUSED","rogue_down","PENDING","REVIEW"
"res://assets/generated/reference_v2/heroes/rogue_left.png","336","64","3EA0E5B743229CB6EF7F29FCAD61802EC316234C3905E2DE47CDC64566092F31","res://assets/generated/reference_v2/heroes/rogue_left.png.import","","1","LEGACY_UNUSED","rogue_left","PENDING","REVIEW"
"res://assets/generated/reference_v2/heroes/rogue_right.png","336","64","598CB9ABAD111D1715280CECD2E1A605A5B4C18E6DDC58E0A987B84E07EB60F0","res://assets/generated/reference_v2/heroes/rogue_right.png.import","","1","LEGACY_UNUSED","rogue_right","PENDING","REVIEW"
"res://assets/generated/reference_v2/heroes/rogue_up.png","336","64","51278C081E86EDE4724FBE6643B6801498E67C5593A8B3983079F747545AA9B1","res://assets/generated/reference_v2/heroes/rogue_up.png.import","","1","LEGACY_UNUSED","rogue_up","PENDING","REVIEW"
"res://assets/generated/reference_v2/heroes/warrior_down.png","336","64","37E777A9299600036CBF98000D3FE9850E1160B082E7AEE7A93C24192EAEE3B9","res://assets/generated/reference_v2/heroes/warrior_down.png.import","","1","LEGACY_UNUSED","warrior_down","PENDING","REVIEW"
"res://assets/generated/reference_v2/heroes/warrior_left.png","336","64","1E6441857DCBF716CBE2E4DA78BA931F92FBB75AF3601E9A1A80508ECA546707","res://assets/generated/reference_v2/heroes/warrior_left.png.import","","1","LEGACY_UNUSED","warrior_left","PENDING","REVIEW"
"res://assets/generated/reference_v2/heroes/warrior_right.png","336","64","1105772A01D586846A118DCB98E4FD9BF438D0182B54B5B36DE64F5B3282BB09","res://assets/generated/reference_v2/heroes/warrior_right.png.import","","1","LEGACY_UNUSED","warrior_right","PENDING","REVIEW"
"res://assets/generated/reference_v2/heroes/warrior_up.png","336","64","5BA92F588885BAE3F9440AF09BE9ABDDBDF2C872AC30F368750BCB798B088B66","res://assets/generated/reference_v2/heroes/warrior_up.png.import","","1","LEGACY_UNUSED","warrior_up","PENDING","REVIEW"
"res://assets/generated/reference_v2/refuge_master_runtime.png","780","1686","D58AD3590D637F047825A878AB376AA248856130780C9285C193F8BE9C138FA9","res://assets/generated/reference_v2/refuge_master_runtime.png.import","","1","LEGACY_UNUSED","refuge_master_runtime","PENDING","REVIEW"
"res://assets/generated/reference_v2/ui/action_button.png","160","56","7DF1114CB508DDD558DE279777230090209DE7D881D6478FD73B74648FD5FDCD","res://assets/generated/reference_v2/ui/action_button.png.import","","2","DUPLICATE","action_button","PENDING","BLOCKED"
"res://assets/generated/reference_v2/ui/dread_icon.png","24","24","0B8C00DAFFA73BFC19604C5CD21D26670F7C8D7FD290F51AA837BEA5C8F55BCB","res://assets/generated/reference_v2/ui/dread_icon.png.import","","2","DUPLICATE","dread_icon","PENDING","BLOCKED"
"res://assets/generated/reference_v2/ui/heart_icon.png","24","24","E874CAFAB5CAFB969AB43226530043434280AE347E9A4150E27197FD638E31DA","res://assets/generated/reference_v2/ui/heart_icon.png.import","","2","DUPLICATE","heart_icon","PENDING","BLOCKED"
"res://assets/generated/reference_v2/ui/key_icon.png","24","24","7FE8BA10C815843AFA612A76CB1916421624A53525B2517935E343335B12D47F","res://assets/generated/reference_v2/ui/key_icon.png.import","","2","DUPLICATE","key_icon","PENDING","BLOCKED"
"res://assets/generated/reference_v2/ui/level_icon.png","24","24","73A5C4105CBCD25031CC9970BBC6580492B25A7E7A2B8C146F05AA6B34D1E971","res://assets/generated/reference_v2/ui/level_icon.png.import","","2","DUPLICATE","level_icon","PENDING","BLOCKED"
"res://assets/generated/reference_v2/ui/provisions_icon.png","24","24","060D6EEE827FC26A730534FC9A3F241987532FD4DEA6B12B3B60CD9056CF8CFF","res://assets/generated/reference_v2/ui/provisions_icon.png.import","","1","LEGACY_UNUSED","provisions_icon","PENDING","REVIEW"
"res://assets/generated/reference_v2/ui/resource_rail.png","390","52","5C22F31F8FFDB6DD436E8F77FB84980528AE3CD9B48F786D6AF773BBBBBE885E","res://assets/generated/reference_v2/ui/resource_rail.png.import","","2","DUPLICATE","resource_rail","PENDING","BLOCKED"
"res://assets/generated/reference_v2/ui/settings_cog.png","56","56","735F8CFDAB275BCF18BCC6558D689C4E84AE759779511980B885E704966961F0","res://assets/generated/reference_v2/ui/settings_cog.png.import","","1","LEGACY_UNUSED","settings_cog","PENDING","REVIEW"
"res://assets/generated/reference_v2/ui/silver_icon.png","24","24","5AAFDE0A23FC2F0028EE44260AE6739564749B7AF98C351DF238B498AF5EEF5D","res://assets/generated/reference_v2/ui/silver_icon.png.import","","1","LEGACY_UNUSED","silver_icon","PENDING","REVIEW"
"res://assets/generated/reference_v3/forest/rocks.png","68","58","307A50C6EBFB210D0AEAFA131FE1D15AA0A0BCD67FEDDA1ABD951685D0790A51","res://assets/generated/reference_v3/forest/rocks.png.import","","2","DUPLICATE","rocks","PENDING","BLOCKED"
"res://assets/generated/reference_v3/forest/shrub.png","76","50","7BE767495BE26271008190F3CB7D8BB921D05B504D1E7250F98184BDBB2A299D","res://assets/generated/reference_v3/forest/shrub.png.import","","2","DUPLICATE","shrub","PENDING","BLOCKED"
"res://assets/generated/reference_v3/forest/stump.png","66","58","3C657CAAD605BB378ED37494EB52DEAC714D0BC21E7439DC7995EB9526425552","res://assets/generated/reference_v3/forest/stump.png.import","","2","DUPLICATE","stump","PENDING","BLOCKED"
"res://assets/generated/reference_v3/forest/tree_0.png","88","120","27159643033832B8BC7592A8A7885A00A825F4FA053919648F25E55FF41AEA4D","res://assets/generated/reference_v3/forest/tree_0.png.import","","2","DUPLICATE","tree_0","PENDING","BLOCKED"
"res://assets/generated/reference_v3/forest/tree_1.png","94","122","9104C605CB6F6CEAB8277E9117DD8BA87D211EA1A7372F076C11C710E644D981","res://assets/generated/reference_v3/forest/tree_1.png.import","","2","DUPLICATE","tree_1","PENDING","BLOCKED"
"res://assets/generated/reference_v3/forest/tree_2.png","86","118","00334A42C9D3E3728ACBF0D3D33207BA426E776C4E198C410FD94828A91B3758","res://assets/generated/reference_v3/forest/tree_2.png.import","","2","DUPLICATE","tree_2","PENDING","BLOCKED"
"res://assets/generated/reference_v3/terrain/blackthorn_tiles_modular.png","192","288","C9E7CE4263CFB2613C1358C920DC947D15DEE0D92A83C447279F4C076DA9BBFA","res://assets/generated/reference_v3/terrain/blackthorn_tiles_modular.png.import","","2","DUPLICATE","blackthorn_tiles_modular","PENDING","BLOCKED"
"res://assets/generated/reference_v3/town/campfire.png","112","96","D103EB3E2146806F4B59318758D951B6AEF6A59F59430007B78907A8CEA61A24","res://assets/generated/reference_v3/town/campfire.png.import","","1","LEGACY_UNUSED","campfire","PENDING","REVIEW"
"res://assets/generated/reference_v3/town/campfire_animation.png","672","96","FA76BB0BEC690F7D274880F28B5198AFBC7056C4076590437F611C565F085C77","res://assets/generated/reference_v3/town/campfire_animation.png.import","","1","LEGACY_UNUSED","campfire_animation","PENDING","REVIEW"
"res://assets/generated/reference_v3/town/campfire_base.png","112","96","A94BB8478B693E3F48338941AED5AB7A1C0C58EB22F588D82F572C8ACC2D83CF","res://assets/generated/reference_v3/town/campfire_base.png.import","","2","DUPLICATE","campfire_base","PENDING","BLOCKED"
"res://assets/generated/reference_v3/town/campfire_flame_animation.png","672","96","919911FA3C0676D499291D8855EF63316ED8B2442F35FC5E7CA645879F89109D","res://assets/generated/reference_v3/town/campfire_flame_animation.png.import","","2","DUPLICATE","campfire_flame_animation","PENDING","BLOCKED"
"res://assets/generated/reference_v3/town/campfire_smoke_animation.png","672","96","A5B4E60EE85444D7F2D98FAE545271123FE1B7A5BFE061F47862A113074B3BED","res://assets/generated/reference_v3/town/campfire_smoke_animation.png.import","","2","DUPLICATE","campfire_smoke_animation","PENDING","BLOCKED"
"res://assets/generated/reference_v3/town/construction_plot.png","108","66","CA3F705283197BF5C9612C0EFF70E85D4406D4927F2CA87A7B6B0B252040E82F","res://assets/generated/reference_v3/town/construction_plot.png.import","","1","LEGACY_UNUSED","construction_plot","PENDING","REVIEW"
"res://assets/generated/reference_v3/town/decor/banner.png","72","82","981CC382D1E482962A79302D41CABF2099B77EB45006B15126AF6D3B448D00F4","res://assets/generated/reference_v3/town/decor/banner.png.import","","1","LEGACY_UNUSED","banner","PENDING","REVIEW"
"res://assets/generated/reference_v3/town/decor/barrels.png","58","58","EFF730837604D846A7A43AF8C827722C894FCAD673F412464AB1EBC11D68DCA3","res://assets/generated/reference_v3/town/decor/barrels.png.import","","1","LEGACY_UNUSED","barrels","PENDING","REVIEW"
"res://assets/generated/reference_v3/town/decor/crates.png","64","58","5DEAF174B2ED7D55DC2ECBA8D299445CB62007251BCECFD50C15416A858D6A9D","res://assets/generated/reference_v3/town/decor/crates.png.import","","1","LEGACY_UNUSED","crates","PENDING","REVIEW"
"res://assets/generated/reference_v3/town/decor/drying_rack.png","72","76","ED9156BCD1D96277FCF989250B104A1477E3A1BCA982C58B972CF62AB51C7C15","res://assets/generated/reference_v3/town/decor/drying_rack.png.import","","1","LEGACY_UNUSED","drying_rack","PENDING","REVIEW"
"res://assets/generated/reference_v3/town/decor/firewood.png","66","54","8554EF20B957D5E6A9B65254C473FD1D850CB6F5F6637905FBC5AA938A1F4796","res://assets/generated/reference_v3/town/decor/firewood.png.import","","1","LEGACY_UNUSED","firewood","PENDING","REVIEW"
"res://assets/generated/reference_v3/town/decor/weapon_rack.png","68","72","924DA5B12CB9A545B66CA2889EA203492426F6C33547F43AE48C862F3B422188","res://assets/generated/reference_v3/town/decor/weapon_rack.png.import","","1","LEGACY_UNUSED","weapon_rack","PENDING","REVIEW"
"res://assets/generated/reference_v3/town/outlines/campfire.png","112","96","965074F6C7C7C098E943F9810FE188BD73A08865FC7A4738F53F73E892E380F9","res://assets/generated/reference_v3/town/outlines/campfire.png.import","","1","LEGACY_UNUSED","campfire","PENDING","REVIEW"
"res://assets/generated/reference_v3/town/outlines/campfire_base.png","112","96","5F9EC2E8266D462E4355D17065DFDEDEE9F5959531B32A7381520708BF5B1FD0","res://assets/generated/reference_v3/town/outlines/campfire_base.png.import","","2","DUPLICATE","campfire_base","PENDING","BLOCKED"
"res://assets/generated/reference_v3/town/outlines/construction_plot.png","108","66","A46E725895434915B00E8576A0F64CA404ECBA7F34518F3143A7DAC1624C61A6","res://assets/generated/reference_v3/town/outlines/construction_plot.png.import","","2","DUPLICATE","construction_plot","PENDING","BLOCKED"
"res://assets/generated/reference_v3/town/outlines/veterans_hall_0.png","132","176","C127D43703B5A6926C78DFCE54428FAF3A699AA8B91CED3916AB93A7F7FE810A","res://assets/generated/reference_v3/town/outlines/veterans_hall_0.png.import","","3","DUPLICATE","veterans_hall_0","PENDING","BLOCKED"
"res://assets/generated/reference_v3/town/outlines/veterans_hall_1.png","132","176","EDEE3FEFCC0C8A7C95CDE1BCF01A782F3A7A71900888BBA1B9BDD0967A7CFF09","res://assets/generated/reference_v3/town/outlines/veterans_hall_1.png.import","","3","DUPLICATE","veterans_hall_1","PENDING","BLOCKED"
"res://assets/generated/reference_v3/town/town_gate.png","112","88","E913558104374BB2876BD258B6DFEF6705E6AFC14A41B2B4AB18FBCD62A6121F","res://assets/generated/reference_v3/town/town_gate.png.import","","1","LEGACY_UNUSED","town_gate","PENDING","REVIEW"
"res://assets/generated/reference_v3/town/veterans_hall_0.png","132","176","1D60EC686A54EBBC1399A7E7B3A5AADA14AB060B4F24CF98A68013A73ACE9966","res://assets/generated/reference_v3/town/veterans_hall_0.png.import","","2","DUPLICATE","veterans_hall_0","PENDING","BLOCKED"
"res://assets/generated/reference_v3/town/veterans_hall_1.png","132","176","7D9C3A53E1201EDD6126F39DFC2C45C5F912AF7820B14B6C2C9B7A1B111CC510","res://assets/generated/reference_v3/town/veterans_hall_1.png.import","","2","DUPLICATE","veterans_hall_1","PENDING","BLOCKED"
"res://assets/generated/reference_v3/town/wall_pole.png","16","64","4D4E26C892E6EEA70C929C5F6439A9D51804A3D58546667F87BB1CF81083148E","res://assets/generated/reference_v3/town/wall_pole.png.import","","1","LEGACY_UNUSED","wall_pole","PENDING","REVIEW"
"res://assets/generated/reference_v4/ui/menu_background.png","846","1859","95B12EB4CA0029ECEBEBF88EAE76A8EFB1A6253219A3CF12A61244C717BFEF41","res://assets/generated/reference_v4/ui/menu_background.png.import","","2","DUPLICATE","menu_background","PENDING","BLOCKED"
"res://assets/generated/reference_v4/ui/menu_button_plate.png","1717","916","1706E655691843DD4A808388C76CD3E6BEADE562E41B53CFA18C5EB110B72B61","res://assets/generated/reference_v4/ui/menu_button_plate.png.import","","2","DUPLICATE","menu_button_plate","PENDING","BLOCKED"
"res://assets/generated/reference_v4/ui/menu_button_plate_src.png","1717","916","96B8F036A3E08628E8D15085390F4B1032E27166E2A74260983E491CCAF9F415","res://assets/generated/reference_v4/ui/menu_button_plate_src.png.import","","2","DUPLICATE","menu_button_plate_src","PENDING","BLOCKED"
"res://assets/generated/reference_v4/ui/menu_slider_knob.png","28","28","A161B88A378B339A3536E5EA3B285A8D5DFC2CB99DCA215C708D06EFD3D91F5B","res://assets/generated/reference_v4/ui/menu_slider_knob.png.import","","2","DUPLICATE","menu_slider_knob","PENDING","BLOCKED"
"res://assets/generated/reference_v4/ui/menu_slider_knob_src.png","1254","1254","3E995CFD81CCEA84F9D9F08E24BEA312B0EA885B41795D433E69FDEC0588E1D8","res://assets/generated/reference_v4/ui/menu_slider_knob_src.png.import","","2","DUPLICATE","menu_slider_knob_src","PENDING","BLOCKED"
"res://assets/generated/reference_v4/ui/menu_slider_track.png","320","22","BACDDCA4617940152316B12008856A08AEA8EECCEDBB02A2E070B3DA281FB38B","res://assets/generated/reference_v4/ui/menu_slider_track.png.import","","2","DUPLICATE","menu_slider_track","PENDING","BLOCKED"
"res://assets/generated/reference_v4/ui/settings_control_plate.png","1774","887","B980AC22FE219486CB37C2C19989267DE3B2914C69E9C816B64AB99FC69885D2","res://assets/generated/reference_v4/ui/settings_control_plate.png.import","","2","DUPLICATE","settings_control_plate","PENDING","BLOCKED"
"res://assets/generated/reference_v4/ui/settings_ledger_frame.png","849","1853","CBADDB204CE24E2427A929012C53EA72835578057A9EA9D438FF8BA66F5A8D49","res://assets/generated/reference_v4/ui/settings_ledger_frame.png.import","","2","DUPLICATE","settings_ledger_frame","PENDING","BLOCKED"
"res://assets/generated/reference_v4/ui/settings_title_ornament.png","1717","916","33923543C808B5DD2B3741F25052E4554DAF69E9BE6E0A603E7C8225A18B860A","res://assets/generated/reference_v4/ui/settings_title_ornament.png.import","","2","DUPLICATE","settings_title_ornament","PENDING","BLOCKED"
"res://assets/icons/icon-144.png","144","144","06BB718173A72698C4C855D91C18ACD16CE1752ABEC5D663B705F912945A14E1","res://assets/icons/icon-144.png.import","export_presets.cfg","1","LEGACY_REFERENCED","icon-144","PENDING","BLOCKED"
"res://assets/icons/icon-180.png","180","180","220CA3C8DA0C7455A469FB547F79DE075135A72F8B9598D749E9C40F12F3CB05","res://assets/icons/icon-180.png.import","export_presets.cfg","1","LEGACY_REFERENCED","icon-180","PENDING","BLOCKED"
"res://assets/icons/icon-512.png","512","512","F8924E5C864E643E74944799359D5A91C58E89839CAE74F802D5A32408C8CC94","res://assets/icons/icon-512.png.import","export_presets.cfg","1","LEGACY_REFERENCED","icon-512","PENDING","BLOCKED"
"res://assets/runtime/actors/hunter_down.png","56","64","94BA6DEF83B2FB484FACC5BC40FA0EA7E936C0E1CECAB422B5F267E351A281AD","res://assets/runtime/actors/hunter_down.png.import","assets/runtime/asset_manifest.json;assets/runtime/actors/hunter_frames.tres","2","CANONICAL","hunter_down","STAGED","BLOCKED"
"res://assets/runtime/actors/hunter_left.png","56","64","7C7E3F8B5D66750D54CB854DCAEB662CC02B5CFEDA75B4101DA03CE54F88A354","res://assets/runtime/actors/hunter_left.png.import","assets/runtime/asset_manifest.json;assets/runtime/actors/hunter_frames.tres","2","CANONICAL","hunter_left","STAGED","BLOCKED"
"res://assets/runtime/actors/hunter_right.png","56","64","7993895B450E09FB2A8595F1A93540E6103987DCAA2E11F82A79960435109856","res://assets/runtime/actors/hunter_right.png.import","assets/runtime/asset_manifest.json;assets/runtime/actors/hunter_frames.tres","2","CANONICAL","hunter_right","STAGED","BLOCKED"
"res://assets/runtime/actors/hunter_up.png","56","64","06A9BEE7D6A0C62A0F6B3A8E85A5E2156A1ED50FF78C7FD807C1464F9F3F0611","res://assets/runtime/actors/hunter_up.png.import","assets/runtime/asset_manifest.json;assets/runtime/actors/hunter_frames.tres","2","CANONICAL","hunter_up","STAGED","BLOCKED"
"res://assets/runtime/actors/mage_down.png","56","64","A99B324476AB1283F040999D4ABFB26871C10A4D85CB90003446FA0FD8D11D76","res://assets/runtime/actors/mage_down.png.import","assets/runtime/actors/mage_frames.tres;assets/runtime/asset_manifest.json","2","CANONICAL","mage_down","STAGED","BLOCKED"
"res://assets/runtime/actors/mage_left.png","56","64","CC8B08E10B6271F92C23CA4AC058710BF3A0FE7C7FB02D88675F21E4D7C7488A","res://assets/runtime/actors/mage_left.png.import","assets/runtime/actors/mage_frames.tres;assets/runtime/asset_manifest.json","2","CANONICAL","mage_left","STAGED","BLOCKED"
"res://assets/runtime/actors/mage_right.png","56","64","D6B2DFF5EB5A88691058B19B1159BD2B90D92CCFFF01C19412E3CA400191F453","res://assets/runtime/actors/mage_right.png.import","assets/runtime/actors/mage_frames.tres;assets/runtime/asset_manifest.json","2","CANONICAL","mage_right","STAGED","BLOCKED"
"res://assets/runtime/actors/mage_up.png","56","64","D396387A2C5EA9CEB9A1EF62F369AE46E6DC386269C08FE25901F6E888CAD021","res://assets/runtime/actors/mage_up.png.import","assets/runtime/actors/mage_frames.tres;assets/runtime/asset_manifest.json","2","CANONICAL","mage_up","STAGED","BLOCKED"
"res://assets/runtime/actors/rogue_down.png","56","64","C7C9D320FD081D270D64D29B00E7C568F62B5F3D82DAF60EA19C60892FE88F41","res://assets/runtime/actors/rogue_down.png.import","assets/runtime/asset_manifest.json;assets/runtime/actors/rogue_frames.tres","2","CANONICAL","rogue_down","STAGED","BLOCKED"
"res://assets/runtime/actors/rogue_left.png","56","64","42E46CEE0DD5FC9D6C169659F44C76BACD91AB2D986BD22BCC84AE3D086509B2","res://assets/runtime/actors/rogue_left.png.import","assets/runtime/asset_manifest.json;assets/runtime/actors/rogue_frames.tres","2","CANONICAL","rogue_left","STAGED","BLOCKED"
"res://assets/runtime/actors/rogue_right.png","56","64","628C2C35BEBC80368A6672F2A7939906FA270ED90FC230364E9D770866CFFBE2","res://assets/runtime/actors/rogue_right.png.import","assets/runtime/asset_manifest.json;assets/runtime/actors/rogue_frames.tres","2","CANONICAL","rogue_right","STAGED","BLOCKED"
"res://assets/runtime/actors/rogue_up.png","56","64","C2D87F2834B9E4EFCE10A45DD7633535FDC783861FB2BBFAF0DC224FFC6D3428","res://assets/runtime/actors/rogue_up.png.import","assets/runtime/asset_manifest.json;assets/runtime/actors/rogue_frames.tres","2","CANONICAL","rogue_up","STAGED","BLOCKED"
"res://assets/runtime/actors/warrior_down.png","56","64","221019F7C44B9A46058E5BC0AD0E771A63834850551C3EE28819E484F14141B0","res://assets/runtime/actors/warrior_down.png.import","assets/runtime/asset_manifest.json;assets/runtime/actors/warrior_frames.tres","2","CANONICAL","warrior_down","STAGED","BLOCKED"
"res://assets/runtime/actors/warrior_left.png","56","64","DD103297F805BC1334146A9E47B3986ED61438F76DBD01DF1CF258522A545D03","res://assets/runtime/actors/warrior_left.png.import","assets/runtime/asset_manifest.json;assets/runtime/actors/warrior_frames.tres","2","CANONICAL","warrior_left","STAGED","BLOCKED"
"res://assets/runtime/actors/warrior_right.png","56","64","8C30466B3143598F42AEA79DC886215C841D517C11154FAC29AAF9CFB6ED9A49","res://assets/runtime/actors/warrior_right.png.import","assets/runtime/asset_manifest.json;assets/runtime/actors/warrior_frames.tres","2","CANONICAL","warrior_right","STAGED","BLOCKED"
"res://assets/runtime/actors/warrior_up.png","56","64","265072CD77AC3AEA756511C0E8CCADB15D4112F57A4F2F59938AAFEB8739F692","res://assets/runtime/actors/warrior_up.png.import","assets/runtime/asset_manifest.json;assets/runtime/actors/warrior_frames.tres","2","CANONICAL","warrior_up","STAGED","BLOCKED"
"res://assets/runtime/audio/camp_theme.wav","0","0","3D1723F2325B11549721617FC20BE8091A6F74064CB77E3D4DFFC278725FEA82","res://assets/runtime/audio/camp_theme.wav.import","scenes/app/game_root.tscn;assets/runtime/asset_manifest.json","2","CANONICAL","camp_theme","STAGED","BLOCKED"
"res://assets/runtime/audio/guard.wav","0","0","8BA5682F294CBC516DF5FE925378C7FF89D1F1FE1A37AFFAE1170F317C6DD26E","res://assets/runtime/audio/guard.wav.import","scenes/app/game_root.tscn;assets/runtime/asset_manifest.json","2","CANONICAL","guard","STAGED","BLOCKED"
"res://assets/runtime/audio/hurt.wav","0","0","E7A16B85B67CDA1533697A92005BE5E35EDE3B70F8177FA36E03D2FED0015F2D","res://assets/runtime/audio/hurt.wav.import","scenes/app/game_root.tscn;assets/runtime/asset_manifest.json","2","CANONICAL","hurt","STAGED","BLOCKED"
"res://assets/runtime/audio/moor_theme.wav","0","0","8CFDAA2A6D0C6A618F4708A6EB3523CB2A393402A42C48726D757141C3C82D51","res://assets/runtime/audio/moor_theme.wav.import","scenes/app/game_root.tscn;assets/runtime/asset_manifest.json","2","CANONICAL","moor_theme","STAGED","BLOCKED"
"res://assets/runtime/audio/pickup.wav","0","0","0D6476706CACD2A80DD44168E040BE3F2147B7B613D61B421AC2CD967609DA95","res://assets/runtime/audio/pickup.wav.import","scenes/app/game_root.tscn;assets/runtime/asset_manifest.json","2","CANONICAL","pickup","STAGED","BLOCKED"
"res://assets/runtime/audio/strike.wav","0","0","3329D1C4AFE6A338FE32D9251C18694731E2A5F483F022D5AD6948BBC3E758E7","res://assets/runtime/audio/strike.wav.import","scenes/app/game_root.tscn;assets/runtime/asset_manifest.json","2","CANONICAL","strike","STAGED","BLOCKED"
"res://assets/runtime/effects/actor_shadow.svg","0","0","61DB334AA0C7361880A797FFF617B1F79DADEF200207E3921B2F6B5E34DC2BBC","res://assets/runtime/effects/actor_shadow.svg.import","assets/runtime/asset_manifest.json","1","CANONICAL","actor_shadow","STAGED","BLOCKED"
"res://assets/runtime/effects/campfire_flame_animation.png","672","96","919911FA3C0676D499291D8855EF63316ED8B2442F35FC5E7CA645879F89109D","res://assets/runtime/effects/campfire_flame_animation.png.import","scenes/world/structures/campfire.tscn;assets/runtime/asset_manifest.json","2","CANONICAL","campfire_flame_animation","STAGED","BLOCKED"
"res://assets/runtime/effects/campfire_smoke_animation.png","672","96","A5B4E60EE85444D7F2D98FAE545271123FE1B7A5BFE061F47862A113074B3BED","res://assets/runtime/effects/campfire_smoke_animation.png.import","scenes/world/structures/campfire.tscn;assets/runtime/asset_manifest.json","2","CANONICAL","campfire_smoke_animation","STAGED","BLOCKED"
"res://assets/runtime/enemies/archer.png","240","64","FD794CF904F645EEDA46C80D7D4B17B6D0F0298D1F31138ABE832A16107D6504","res://assets/runtime/enemies/archer.png.import","assets/runtime/enemies/archer_frames.tres;assets/runtime/asset_manifest.json","2","CANONICAL","archer","STAGED","BLOCKED"
"res://assets/runtime/enemies/barrow_knight.png","320","88","370812B6388E05A2856C01CC0256CFF6EA62DD1A58679FC81401D3148472C856","res://assets/runtime/enemies/barrow_knight.png.import","assets/runtime/asset_manifest.json;assets/runtime/enemies/barrow_knight_frames.tres","2","CANONICAL","barrow_knight","STAGED","BLOCKED"
"res://assets/runtime/enemies/blighted.png","224","68","D36A52D11D7E25793F52FB9F800F9E24152DE57FF8504FF46A736B782D2A8AAA","res://assets/runtime/enemies/blighted.png.import","assets/runtime/asset_manifest.json;assets/runtime/enemies/blighted_frames.tres","2","CANONICAL","blighted","STAGED","BLOCKED"
"res://assets/runtime/enemies/crow.png","272","56","D5D5CA3DA3D5B972FE5BDF8263D2F79D81F51068C74E2B460ACC8CE23F6C5036","res://assets/runtime/enemies/crow.png.import","assets/runtime/asset_manifest.json;assets/runtime/enemies/crow_frames.tres","2","CANONICAL","crow","STAGED","BLOCKED"
"res://assets/runtime/enemies/grave_guard.png","272","76","9A984203D4F7C8D53F27BC7017CC01948910E8A19F7514C1D09BE2B0CE542276","res://assets/runtime/enemies/grave_guard.png.import","assets/runtime/asset_manifest.json;assets/runtime/enemies/grave_guard_frames.tres","2","CANONICAL","grave_guard","STAGED","BLOCKED"
"res://assets/runtime/enemies/houndmaster.png","256","72","1C648643CEFED4E5D53F8C0DEA3E974E59B864EF40AE0AE7540F4F9549919BF4","res://assets/runtime/enemies/houndmaster.png.import","assets/runtime/asset_manifest.json;assets/runtime/enemies/houndmaster_frames.tres","2","CANONICAL","houndmaster","STAGED","BLOCKED"
"res://assets/runtime/enemies/raider.png","224","64","01CE72E253786FFA92B15F29C6EB666983D91176F65AEE3CBDDA44B050227F48","res://assets/runtime/enemies/raider.png.import","assets/runtime/asset_manifest.json;assets/runtime/enemies/raider_frames.tres","2","CANONICAL","raider","STAGED","BLOCKED"
"res://assets/runtime/enemies/reaver.png","240","68","5A398FCBBCD555A3B80F128968AE8CBC147E4880DEF6E0D24836CA15746DD503","res://assets/runtime/enemies/reaver.png.import","assets/runtime/asset_manifest.json;assets/runtime/enemies/reaver_frames.tres","2","CANONICAL","reaver","STAGED","BLOCKED"
"res://assets/runtime/enemies/wolf.png","240","48","0E4ADF91FF153B1AABECB0EEA1A870A04B97F93668C01D223AF72572C53E1747","res://assets/runtime/enemies/wolf.png.import","assets/runtime/enemies/wolf_frames.tres;assets/runtime/asset_manifest.json","2","CANONICAL","wolf","STAGED","BLOCKED"
"res://assets/runtime/fonts/AtkinsonHyperlegible-Bold.otf","0","0","682C9737BFB6C1D3BA4F9CD5FDC814775C097F317656AAD177867CC07D7E15DF","res://assets/runtime/fonts/AtkinsonHyperlegible-Bold.otf.import","scenes/ui/screens/settings_support/ashen_settings_hq_theme.tres;assets/runtime/asset_manifest.json;scenes/ui/theme/ashen_ui_theme.tres","2","CANONICAL","AtkinsonHyperlegible-Bold","STAGED","BLOCKED"
"res://assets/runtime/fonts/AtkinsonHyperlegible-Regular.otf","0","0","4A0397A3709C5FC99E38D05469DCFBF1B3481196E89A01B7377F3163B188258E","res://assets/runtime/fonts/AtkinsonHyperlegible-Regular.otf.import","scenes/ui/screens/settings_support/ashen_settings_hq_theme.tres;assets/runtime/asset_manifest.json;tests/smoke_game.gd;scenes/ui/theme/ashen_ui_theme.tres","2","CANONICAL","AtkinsonHyperlegible-Regular","STAGED","BLOCKED"
"res://assets/runtime/fonts/PixelifySans.ttf","0","0","9BA86CD010A4DE309D263CEFF8E8044092C9DB7EFDA869620CB9FF1C4389E8A5","res://assets/runtime/fonts/PixelifySans.ttf.import","assets/runtime/asset_manifest.json;tests/smoke_game.gd","2","CANONICAL","PixelifySans","STAGED","BLOCKED"
"res://assets/runtime/props/banner.png","39","72","E9364F9E13C5239179FC93B063AB28FF15991545EB6D4D8E760293F0A0108EDA","res://assets/runtime/props/banner.png.import","assets/runtime/asset_manifest.json;scenes/world/props/banner.tscn","2","CANONICAL","banner","STAGED","BLOCKED"
"res://assets/runtime/props/barrels.png","52","60","E9FB725A8A82C1A47277058FF5EB28F1E830BE0CB51E54F49D7895C2002C21CD","res://assets/runtime/props/barrels.png.import","scenes/world/props/barrels.tscn;assets/runtime/asset_manifest.json","2","CANONICAL","barrels","STAGED","BLOCKED"
"res://assets/runtime/props/brazier.png","43","56","B04F03D4FDFC160066AC231919F021C5CB6A455C44D4F5B874F30762CFAA62A4","res://assets/runtime/props/brazier.png.import","assets/runtime/asset_manifest.json;scenes/world/props/brazier.tscn","2","CANONICAL","brazier","STAGED","BLOCKED"
"res://assets/runtime/props/crates.png","58","54","AC2E946B6BEA6E101B117CEA7FCB1EDE8A727D45FE0A18356CE37CD3470B4586","res://assets/runtime/props/crates.png.import","assets/runtime/asset_manifest.json;scenes/world/props/crates.tscn","2","CANONICAL","crates","STAGED","BLOCKED"
"res://assets/runtime/props/drying_rack.png","57","58","676B4234E44C876C3D41E4C91A94005149D53F7530498681AFAA23663072E7B0","res://assets/runtime/props/drying_rack.png.import","assets/runtime/asset_manifest.json;scenes/world/props/drying_rack.tscn","2","CANONICAL","drying_rack","STAGED","BLOCKED"
"res://assets/runtime/props/firewood.png","62","50","8BB4FE8A60CCA6EADFBB47FE88E284A713DA108801E8284F3A057A1C73CB052F","res://assets/runtime/props/firewood.png.import","assets/runtime/asset_manifest.json;scenes/world/props/firewood.tscn","2","CANONICAL","firewood","STAGED","BLOCKED"
"res://assets/runtime/props/handcart.png","67","60","083D30C1B2F64F57048EF93916EAC441B2CE617DE45D83EC811CA51804222D2B","res://assets/runtime/props/handcart.png.import","assets/runtime/asset_manifest.json;scenes/world/props/handcart.tscn","2","CANONICAL","handcart","STAGED","BLOCKED"
"res://assets/runtime/props/weapon_rack.png","60","68","161B2C5718AC7CB675EF8C09C568128B9DC6F40D4523A8B1D13CB21884568CE2","res://assets/runtime/props/weapon_rack.png.import","assets/runtime/asset_manifest.json;scenes/world/props/weapon_rack.tscn","2","CANONICAL","weapon_rack","STAGED","BLOCKED"
"res://assets/runtime/structures/armory_0.png","128","112","0C23BF7AB0E3D223A98B4FCB7317855D3347BC6E9CA4AC21E15695F1FAB47F38","res://assets/runtime/structures/armory_0.png.import","assets/runtime/asset_manifest.json;scenes/world/structures/armory_tier_0.tscn","2","CANONICAL","armory_0","STAGED","BLOCKED"
"res://assets/runtime/structures/armory_1.png","128","112","17D48DCC652D924206E13EFBCBE180C63B2DC878C8F476D5F767CEA9A421175B","res://assets/runtime/structures/armory_1.png.import","scenes/world/structures/armory_tier_1.tscn;assets/runtime/asset_manifest.json","2","CANONICAL","armory_1","STAGED","BLOCKED"
"res://assets/runtime/structures/armory_2.png","128","112","7673E3BFD878D9B9374EFA1FCA60A3A95D63F32178CC554F6AE171C60A53C3D4","res://assets/runtime/structures/armory_2.png.import","assets/runtime/asset_manifest.json;scenes/world/structures/armory_tier_2.tscn","2","CANONICAL","armory_2","STAGED","BLOCKED"
"res://assets/runtime/structures/armory_3.png","128","112","1D0A9A2D1B3C7DA36DCB5874A07273F128425D2FA3F5FDFF9338428BCBF4E6FD","res://assets/runtime/structures/armory_3.png.import","assets/runtime/asset_manifest.json;scenes/world/structures/armory_tier_3.tscn","2","CANONICAL","armory_3","STAGED","BLOCKED"
"res://assets/runtime/structures/blacksmith_0.png","128","112","F8B3CF67B6952F0DF9F50406DCC350DD5C3EF0932EC948E696EA6250AE2E6EA3","res://assets/runtime/structures/blacksmith_0.png.import","assets/runtime/asset_manifest.json;scenes/world/structures/blacksmith_tier_0.tscn","2","CANONICAL","blacksmith_0","STAGED","BLOCKED"
"res://assets/runtime/structures/blacksmith_1.png","128","112","334AF281F30907843200700F72DA0D5694FE4A73D067192E7191765E91756430","res://assets/runtime/structures/blacksmith_1.png.import","scenes/world/structures/blacksmith_tier_1.tscn;assets/runtime/asset_manifest.json","2","CANONICAL","blacksmith_1","STAGED","BLOCKED"
"res://assets/runtime/structures/blacksmith_2.png","128","112","98C601DEA3A1EE48531B12DDCE3983897900FF00EDA8D43DC6D60A032903349E","res://assets/runtime/structures/blacksmith_2.png.import","assets/runtime/asset_manifest.json;scenes/world/structures/blacksmith_tier_2.tscn","2","CANONICAL","blacksmith_2","STAGED","BLOCKED"
"res://assets/runtime/structures/blacksmith_3.png","128","112","59840FD42396BD728A09A5A740DF98DA83C792149CB11B811CF3FDDB1E545522","res://assets/runtime/structures/blacksmith_3.png.import","assets/runtime/asset_manifest.json;scenes/world/structures/blacksmith_tier_3.tscn","2","CANONICAL","blacksmith_3","STAGED","BLOCKED"
"res://assets/runtime/structures/campfire.png","512","392","0D34CE2279526CE583959A06E4AD6C7B92C218EA96BBD786F581B0AF6DA6FE9F","res://assets/runtime/structures/campfire.png.import","assets/runtime/asset_manifest.json","2","CANONICAL","campfire","STAGED","BLOCKED"
"res://assets/runtime/structures/campfire_base.png","112","96","A94BB8478B693E3F48338941AED5AB7A1C0C58EB22F588D82F572C8ACC2D83CF","res://assets/runtime/structures/campfire_base.png.import","scenes/world/structures/campfire.tscn;assets/runtime/asset_manifest.json","2","CANONICAL","campfire_base","STAGED","BLOCKED"
"res://assets/runtime/structures/campfire_base_outline.png","112","96","5F9EC2E8266D462E4355D17065DFDEDEE9F5959531B32A7381520708BF5B1FD0","res://assets/runtime/structures/campfire_base_outline.png.import","scenes/world/structures/campfire.tscn;assets/runtime/asset_manifest.json","2","CANONICAL","campfire_base_outline","STAGED","BLOCKED"
"res://assets/runtime/structures/construction_plot.png","129","84","3C7A8C23ECCAE90EFC765EF8811F641690E32161C3DD6D8232BE33CEA5EDBC26","res://assets/runtime/structures/construction_plot.png.import","assets/runtime/asset_manifest.json;scenes/world/camp/construction_plot.tscn;tools/build_authored_world_scenes.gd","2","CANONICAL","construction_plot","STAGED","BLOCKED"
"res://assets/runtime/structures/construction_plot_outline.png","108","66","A46E725895434915B00E8576A0F64CA404ECBA7F34518F3143A7DAC1624C61A6","res://assets/runtime/structures/construction_plot_outline.png.import","assets/runtime/asset_manifest.json;scenes/world/camp/construction_plot.tscn;tools/build_authored_world_scenes.gd","2","CANONICAL","construction_plot_outline","STAGED","BLOCKED"
"res://assets/runtime/structures/outlines/armory_0.png","128","112","C233E2E2B2F299312C62B7B40D0B595831928616BAAF86196AB3808829938A69","res://assets/runtime/structures/outlines/armory_0.png.import","assets/runtime/asset_manifest.json;scenes/world/structures/armory_tier_0.tscn","9","CANONICAL","armory_0","STAGED","BLOCKED"
"res://assets/runtime/structures/outlines/armory_1.png","128","112","C233E2E2B2F299312C62B7B40D0B595831928616BAAF86196AB3808829938A69","res://assets/runtime/structures/outlines/armory_1.png.import","scenes/world/structures/armory_tier_1.tscn;assets/runtime/asset_manifest.json","9","CANONICAL","armory_1","STAGED","BLOCKED"
"res://assets/runtime/structures/outlines/armory_2.png","128","112","C233E2E2B2F299312C62B7B40D0B595831928616BAAF86196AB3808829938A69","res://assets/runtime/structures/outlines/armory_2.png.import","assets/runtime/asset_manifest.json;scenes/world/structures/armory_tier_2.tscn","9","CANONICAL","armory_2","STAGED","BLOCKED"
"res://assets/runtime/structures/outlines/armory_3.png","128","112","C233E2E2B2F299312C62B7B40D0B595831928616BAAF86196AB3808829938A69","res://assets/runtime/structures/outlines/armory_3.png.import","assets/runtime/asset_manifest.json;scenes/world/structures/armory_tier_3.tscn","9","CANONICAL","armory_3","STAGED","BLOCKED"
"res://assets/runtime/structures/outlines/blacksmith_0.png","128","112","D0A5F3BA287453E5C2604FAD229E10C27BBE3B45EEDEF04D9616A1E73E8C6766","res://assets/runtime/structures/outlines/blacksmith_0.png.import","assets/runtime/asset_manifest.json;scenes/world/structures/blacksmith_tier_0.tscn","9","CANONICAL","blacksmith_0","STAGED","BLOCKED"
"res://assets/runtime/structures/outlines/blacksmith_1.png","128","112","D0A5F3BA287453E5C2604FAD229E10C27BBE3B45EEDEF04D9616A1E73E8C6766","res://assets/runtime/structures/outlines/blacksmith_1.png.import","scenes/world/structures/blacksmith_tier_1.tscn;assets/runtime/asset_manifest.json","9","CANONICAL","blacksmith_1","STAGED","BLOCKED"
"res://assets/runtime/structures/outlines/blacksmith_2.png","128","112","D0A5F3BA287453E5C2604FAD229E10C27BBE3B45EEDEF04D9616A1E73E8C6766","res://assets/runtime/structures/outlines/blacksmith_2.png.import","assets/runtime/asset_manifest.json;scenes/world/structures/blacksmith_tier_2.tscn","9","CANONICAL","blacksmith_2","STAGED","BLOCKED"
"res://assets/runtime/structures/outlines/blacksmith_3.png","128","112","D0A5F3BA287453E5C2604FAD229E10C27BBE3B45EEDEF04D9616A1E73E8C6766","res://assets/runtime/structures/outlines/blacksmith_3.png.import","assets/runtime/asset_manifest.json;scenes/world/structures/blacksmith_tier_3.tscn","9","CANONICAL","blacksmith_3","STAGED","BLOCKED"
"res://assets/runtime/structures/outlines/construction_plot.png","129","84","1157B37D7633CBB5C2FA833B52DC2C65DC1FCDD393A9DD6F9B4400D3EE8C8C5B","res://assets/runtime/structures/outlines/construction_plot.png.import","assets/runtime/asset_manifest.json","2","CANONICAL","construction_plot","STAGED","BLOCKED"
"res://assets/runtime/structures/outlines/quartermaster_0.png","128","112","355B240A3A82553475698D49E0497AA1285D902F8E8767BDE34FA183B8B335EB","res://assets/runtime/structures/outlines/quartermaster_0.png.import","scenes/world/structures/quartermaster_tier_0.tscn;assets/runtime/asset_manifest.json","9","CANONICAL","quartermaster_0","STAGED","BLOCKED"
"res://assets/runtime/structures/outlines/quartermaster_1.png","128","112","355B240A3A82553475698D49E0497AA1285D902F8E8767BDE34FA183B8B335EB","res://assets/runtime/structures/outlines/quartermaster_1.png.import","assets/runtime/asset_manifest.json;scenes/world/structures/quartermaster_tier_1.tscn","9","CANONICAL","quartermaster_1","STAGED","BLOCKED"
"res://assets/runtime/structures/outlines/quartermaster_2.png","128","112","355B240A3A82553475698D49E0497AA1285D902F8E8767BDE34FA183B8B335EB","res://assets/runtime/structures/outlines/quartermaster_2.png.import","scenes/world/structures/quartermaster_tier_2.tscn;assets/runtime/asset_manifest.json","9","CANONICAL","quartermaster_2","STAGED","BLOCKED"
"res://assets/runtime/structures/outlines/quartermaster_3.png","128","112","355B240A3A82553475698D49E0497AA1285D902F8E8767BDE34FA183B8B335EB","res://assets/runtime/structures/outlines/quartermaster_3.png.import","assets/runtime/asset_manifest.json;scenes/world/structures/quartermaster_tier_3.tscn","9","CANONICAL","quartermaster_3","STAGED","BLOCKED"
"res://assets/runtime/structures/outlines/training_0.png","128","112","32A0C74352062A93EF5CB60BA4D46AB90E4141268F1E55C6D125E3AA6EA266B7","res://assets/runtime/structures/outlines/training_0.png.import","scenes/world/structures/training_tier_0.tscn;assets/runtime/asset_manifest.json","13","CANONICAL","training_0","STAGED","BLOCKED"
"res://assets/runtime/structures/outlines/training_1.png","128","112","32A0C74352062A93EF5CB60BA4D46AB90E4141268F1E55C6D125E3AA6EA266B7","res://assets/runtime/structures/outlines/training_1.png.import","assets/runtime/asset_manifest.json;scenes/world/structures/training_tier_1.tscn","13","CANONICAL","training_1","STAGED","BLOCKED"
"res://assets/runtime/structures/outlines/training_2.png","128","112","32A0C74352062A93EF5CB60BA4D46AB90E4141268F1E55C6D125E3AA6EA266B7","res://assets/runtime/structures/outlines/training_2.png.import","assets/runtime/asset_manifest.json;scenes/world/structures/training_tier_2.tscn","13","CANONICAL","training_2","STAGED","BLOCKED"
"res://assets/runtime/structures/outlines/training_3.png","128","112","32A0C74352062A93EF5CB60BA4D46AB90E4141268F1E55C6D125E3AA6EA266B7","res://assets/runtime/structures/outlines/training_3.png.import","assets/runtime/asset_manifest.json;scenes/world/structures/training_tier_3.tscn","13","CANONICAL","training_3","STAGED","BLOCKED"
"res://assets/runtime/structures/outlines/training_4.png","128","112","32A0C74352062A93EF5CB60BA4D46AB90E4141268F1E55C6D125E3AA6EA266B7","res://assets/runtime/structures/outlines/training_4.png.import","assets/runtime/asset_manifest.json;scenes/world/structures/training_tier_4.tscn","13","CANONICAL","training_4","STAGED","BLOCKED"
"res://assets/runtime/structures/outlines/training_5.png","128","112","32A0C74352062A93EF5CB60BA4D46AB90E4141268F1E55C6D125E3AA6EA266B7","res://assets/runtime/structures/outlines/training_5.png.import","assets/runtime/asset_manifest.json;scenes/world/structures/training_tier_5.tscn","13","CANONICAL","training_5","STAGED","BLOCKED"
"res://assets/runtime/structures/outlines/veterans_hall_0.png","132","176","C127D43703B5A6926C78DFCE54428FAF3A699AA8B91CED3916AB93A7F7FE810A","res://assets/runtime/structures/outlines/veterans_hall_0.png.import","assets/runtime/asset_manifest.json;scenes/world/structures/veterans_hall_tier_0.tscn","3","CANONICAL","veterans_hall_0","STAGED","BLOCKED"
"res://assets/runtime/structures/outlines/veterans_hall_1.png","132","176","EDEE3FEFCC0C8A7C95CDE1BCF01A782F3A7A71900888BBA1B9BDD0967A7CFF09","res://assets/runtime/structures/outlines/veterans_hall_1.png.import","assets/runtime/asset_manifest.json;scenes/world/structures/veterans_hall_tier_1.tscn","3","CANONICAL","veterans_hall_1","STAGED","BLOCKED"
"res://assets/runtime/structures/outlines/veterans_hall_2.png","128","140","A07044F0E5B7419E8FA2D5CEFFA974A0E90EDA8DB64191D5350B8C3E2E559E6D","res://assets/runtime/structures/outlines/veterans_hall_2.png.import","assets/runtime/asset_manifest.json;scenes/world/structures/veterans_hall_tier_2.tscn","2","CANONICAL","veterans_hall_2","STAGED","BLOCKED"
"res://assets/runtime/structures/outlines/veterans_hall_3.png","155","154","C42A11434FC31914717CCCC526C2810417B27291D998BB179A883B81C8B85B73","res://assets/runtime/structures/outlines/veterans_hall_3.png.import","assets/runtime/asset_manifest.json;scenes/world/structures/veterans_hall_tier_3.tscn","2","CANONICAL","veterans_hall_3","STAGED","BLOCKED"
"res://assets/runtime/structures/outlines/veterans_hall_4.png","145","168","209228563CDB1939D9AFB8989AC2BA187A9CEE5693BADA3B447EFBF1C14A8799","res://assets/runtime/structures/outlines/veterans_hall_4.png.import","assets/runtime/asset_manifest.json;scenes/world/structures/veterans_hall_tier_4.tscn","2","CANONICAL","veterans_hall_4","STAGED","BLOCKED"
"res://assets/runtime/structures/quartermaster_0.png","128","112","95C38945416B1CDF103CE53B51314F26D3CEA3371CD4789DFB2FF6D8ADEDC1D2","res://assets/runtime/structures/quartermaster_0.png.import","scenes/world/structures/quartermaster_tier_0.tscn;assets/runtime/asset_manifest.json","2","CANONICAL","quartermaster_0","STAGED","BLOCKED"
"res://assets/runtime/structures/quartermaster_1.png","128","112","8F6977D61BBB96BB6C7EB0C13752C81A389305E27868E14797C688CA4CB5DA27","res://assets/runtime/structures/quartermaster_1.png.import","assets/runtime/asset_manifest.json;scenes/world/structures/quartermaster_tier_1.tscn","2","CANONICAL","quartermaster_1","STAGED","BLOCKED"
"res://assets/runtime/structures/quartermaster_2.png","128","112","BE76937558C36B953B3E407C5A75D5950B9A5AB34260DF8ECB30641D9D301AA0","res://assets/runtime/structures/quartermaster_2.png.import","scenes/world/structures/quartermaster_tier_2.tscn;assets/runtime/asset_manifest.json","2","CANONICAL","quartermaster_2","STAGED","BLOCKED"
"res://assets/runtime/structures/quartermaster_3.png","128","112","7F236C3BC081DED76F1EACE94E63451300000EA4E445C1735F2D32914AA3F828","res://assets/runtime/structures/quartermaster_3.png.import","assets/runtime/asset_manifest.json;scenes/world/structures/quartermaster_tier_3.tscn","2","CANONICAL","quartermaster_3","STAGED","BLOCKED"
"res://assets/runtime/structures/training_0.png","128","112","22D437B1DF7216080DF08653E0CAD0EE2F61183AE77932EB453BF2A064E70ACE","res://assets/runtime/structures/training_0.png.import","scenes/world/structures/training_tier_0.tscn;assets/runtime/asset_manifest.json","2","CANONICAL","training_0","STAGED","BLOCKED"
"res://assets/runtime/structures/training_1.png","128","112","65048F18BD3014F3F9656628731BC7BDD56648ED51573066BA5CBECD2FAFED80","res://assets/runtime/structures/training_1.png.import","assets/runtime/asset_manifest.json;scenes/world/structures/training_tier_1.tscn","2","CANONICAL","training_1","STAGED","BLOCKED"
"res://assets/runtime/structures/training_2.png","128","112","C63600C416A36B14C0E85973393FC7C19BFC3B84B404187A01DA8BB05CC2B3D5","res://assets/runtime/structures/training_2.png.import","assets/runtime/asset_manifest.json;scenes/world/structures/training_tier_2.tscn","2","CANONICAL","training_2","STAGED","BLOCKED"
"res://assets/runtime/structures/training_3.png","128","112","4C74640C10623DC3C9C45D1F9E0C9D183A280AF2968C923782AFCF35E5BA8C14","res://assets/runtime/structures/training_3.png.import","assets/runtime/asset_manifest.json;scenes/world/structures/training_tier_3.tscn","2","CANONICAL","training_3","STAGED","BLOCKED"
"res://assets/runtime/structures/training_4.png","128","112","70F15DB8A5434FADEB2C688D7071C224A89E42507196C7A40A90C124C87462B6","res://assets/runtime/structures/training_4.png.import","assets/runtime/asset_manifest.json;scenes/world/structures/training_tier_4.tscn","2","CANONICAL","training_4","STAGED","BLOCKED"
"res://assets/runtime/structures/training_5.png","128","112","0BDE05E70FF142B16AA39E9E425554FA51272F36C6E32A6D43C88173CD0F0895","res://assets/runtime/structures/training_5.png.import","assets/runtime/asset_manifest.json;scenes/world/structures/training_tier_5.tscn","2","CANONICAL","training_5","STAGED","BLOCKED"
"res://assets/runtime/structures/veterans_hall.png","504","512","DC9F70C82084521A0D0DC8181CAB0C03AFE67CEA9B80718624E87B3351ADA4A2","res://assets/runtime/structures/veterans_hall.png.import","assets/runtime/asset_manifest.json","2","CANONICAL","veterans_hall","STAGED","BLOCKED"
"res://assets/runtime/structures/veterans_hall_0.png","132","176","1D60EC686A54EBBC1399A7E7B3A5AADA14AB060B4F24CF98A68013A73ACE9966","res://assets/runtime/structures/veterans_hall_0.png.import","assets/runtime/asset_manifest.json;scenes/world/structures/veterans_hall_tier_0.tscn","2","CANONICAL","veterans_hall_0","STAGED","BLOCKED"
"res://assets/runtime/structures/veterans_hall_0_outline.png","132","176","C127D43703B5A6926C78DFCE54428FAF3A699AA8B91CED3916AB93A7F7FE810A","res://assets/runtime/structures/veterans_hall_0_outline.png.import","assets/runtime/asset_manifest.json","3","CANONICAL","veterans_hall_0_outline","STAGED","BLOCKED"
"res://assets/runtime/structures/veterans_hall_1.png","132","176","7D9C3A53E1201EDD6126F39DFC2C45C5F912AF7820B14B6C2C9B7A1B111CC510","res://assets/runtime/structures/veterans_hall_1.png.import","assets/runtime/asset_manifest.json;scenes/world/structures/veterans_hall_tier_1.tscn","2","CANONICAL","veterans_hall_1","STAGED","BLOCKED"
"res://assets/runtime/structures/veterans_hall_1_outline.png","132","176","EDEE3FEFCC0C8A7C95CDE1BCF01A782F3A7A71900888BBA1B9BDD0967A7CFF09","res://assets/runtime/structures/veterans_hall_1_outline.png.import","assets/runtime/asset_manifest.json","3","CANONICAL","veterans_hall_1_outline","STAGED","BLOCKED"
"res://assets/runtime/structures/veterans_hall_2.png","128","140","84ED6F5DFBFAC11737FC4102D06F3B4AC0A337B262B4DA8BCB5FC1EF4696A211","res://assets/runtime/structures/veterans_hall_2.png.import","assets/runtime/asset_manifest.json;scenes/world/structures/veterans_hall_tier_2.tscn","2","CANONICAL","veterans_hall_2","STAGED","BLOCKED"
"res://assets/runtime/structures/veterans_hall_3.png","155","154","2481CD1EA1E8D2562A863771808639C1C9ACE8D32BDC882AC21750C9CEC354E8","res://assets/runtime/structures/veterans_hall_3.png.import","assets/runtime/asset_manifest.json;scenes/world/structures/veterans_hall_tier_3.tscn","2","CANONICAL","veterans_hall_3","STAGED","BLOCKED"
"res://assets/runtime/structures/veterans_hall_4.png","145","168","B7E0B4536279AEEBD93944CE77FF72049940A4651220E2FA33D7BA148FE901DE","res://assets/runtime/structures/veterans_hall_4.png.import","assets/runtime/asset_manifest.json;scenes/world/structures/veterans_hall_tier_4.tscn","2","CANONICAL","veterans_hall_4","STAGED","BLOCKED"
"res://assets/runtime/ui/action_button.png","160","56","7DF1114CB508DDD558DE279777230090209DE7D881D6478FD73B74648FD5FDCD","res://assets/runtime/ui/action_button.png.import","assets/runtime/asset_manifest.json;scenes/ui/hud/hud.tscn","2","CANONICAL","action_button","STAGED","BLOCKED"
"res://assets/runtime/ui/ashen/buttons/ashen_button_danger_disabled_9slice.png","96","40","08DCF93196CD6D73BEE940E4C8A509A0B9F6739942942D32C2247FC33CFDDE20","res://assets/runtime/ui/ashen/buttons/ashen_button_danger_disabled_9slice.png.import","assets/runtime/asset_manifest.json;scenes/ui/components/ashen_danger_button.tscn;scenes/ui/theme/ashen_ui_theme.tres","1","CANONICAL","ashen_button_danger_disabled_9slice","STAGED","BLOCKED"
"res://assets/runtime/ui/ashen/buttons/ashen_button_danger_hover_9slice.png","96","40","876608CFA047EDF19766D69D51F56C4120EC6D5E3E75E99EC592E1F58DC819E7","res://assets/runtime/ui/ashen/buttons/ashen_button_danger_hover_9slice.png.import","assets/runtime/asset_manifest.json;scenes/ui/components/ashen_danger_button.tscn;scenes/ui/theme/ashen_ui_theme.tres","1","CANONICAL","ashen_button_danger_hover_9slice","STAGED","BLOCKED"
"res://assets/runtime/ui/ashen/buttons/ashen_button_danger_normal_9slice.png","96","40","56D4CFA6466518425D9F6741D75B662BC3CC8D0AF0721220422D7657CC7B520F","res://assets/runtime/ui/ashen/buttons/ashen_button_danger_normal_9slice.png.import","assets/runtime/asset_manifest.json;scenes/ui/components/ashen_danger_button.tscn;scenes/ui/theme/ashen_ui_theme.tres","1","CANONICAL","ashen_button_danger_normal_9slice","STAGED","BLOCKED"
"res://assets/runtime/ui/ashen/buttons/ashen_button_danger_pressed_9slice.png","96","40","E5C4752E6F5C98168538663F300252EBB47A6D57B0840A30677ABD0D768ECC0A","res://assets/runtime/ui/ashen/buttons/ashen_button_danger_pressed_9slice.png.import","assets/runtime/asset_manifest.json;scenes/ui/components/ashen_danger_button.tscn;scenes/ui/theme/ashen_ui_theme.tres","1","CANONICAL","ashen_button_danger_pressed_9slice","STAGED","BLOCKED"
"res://assets/runtime/ui/ashen/buttons/ashen_button_neutral_disabled_9slice.png","96","40","772057D132CE7ABC65D80383B7309FE6BE630AEA1C23D8766F0425C02D36ECF9","res://assets/runtime/ui/ashen/buttons/ashen_button_neutral_disabled_9slice.png.import","scenes/ui/components/ashen_button.tscn;assets/runtime/asset_manifest.json;scenes/ui/theme/ashen_ui_theme.tres","1","CANONICAL","ashen_button_neutral_disabled_9slice","STAGED","BLOCKED"
"res://assets/runtime/ui/ashen/buttons/ashen_button_neutral_hover_9slice.png","96","40","1908E304A3F7742E969DA30B632875D1A529B62ED57953AD2D92FF3EA22F944C","res://assets/runtime/ui/ashen/buttons/ashen_button_neutral_hover_9slice.png.import","scenes/ui/components/ashen_button.tscn;assets/runtime/asset_manifest.json;scenes/ui/theme/ashen_ui_theme.tres","1","CANONICAL","ashen_button_neutral_hover_9slice","STAGED","BLOCKED"
"res://assets/runtime/ui/ashen/buttons/ashen_button_neutral_normal_9slice.png","96","40","815DEF0C70E5A6D779F500571C19C3E562C857D191D7F70BE9232517C91C5F9B","res://assets/runtime/ui/ashen/buttons/ashen_button_neutral_normal_9slice.png.import","scenes/ui/components/ashen_button.tscn;assets/runtime/asset_manifest.json;scenes/ui/theme/ashen_ui_theme.tres","1","CANONICAL","ashen_button_neutral_normal_9slice","STAGED","BLOCKED"
"res://assets/runtime/ui/ashen/buttons/ashen_button_neutral_pressed_9slice.png","96","40","0F9589564F8D55CEDDCBF685816CCF160D479601A44B1E3A244F6109D8FDD9B2","res://assets/runtime/ui/ashen/buttons/ashen_button_neutral_pressed_9slice.png.import","scenes/ui/components/ashen_button.tscn;assets/runtime/asset_manifest.json;scenes/ui/theme/ashen_ui_theme.tres","1","CANONICAL","ashen_button_neutral_pressed_9slice","STAGED","BLOCKED"
"res://assets/runtime/ui/ashen/buttons/ashen_button_primary_disabled_9slice.png","96","40","D163C80A77A29EC496BDA1F1C3B01163D04A50A3ABA48F7E6584CEAE73E569EB","res://assets/runtime/ui/ashen/buttons/ashen_button_primary_disabled_9slice.png.import","assets/runtime/asset_manifest.json;scenes/ui/components/ashen_primary_button.tscn;scenes/ui/theme/ashen_ui_theme.tres","1","CANONICAL","ashen_button_primary_disabled_9slice","STAGED","BLOCKED"
"res://assets/runtime/ui/ashen/buttons/ashen_button_primary_hover_9slice.png","96","40","892CFBB8EF0E2F09DEA4B83DD3E44046EDA50282C7BD935F671334584F81C9B9","res://assets/runtime/ui/ashen/buttons/ashen_button_primary_hover_9slice.png.import","assets/runtime/asset_manifest.json;scenes/ui/components/ashen_primary_button.tscn;scenes/ui/theme/ashen_ui_theme.tres","1","CANONICAL","ashen_button_primary_hover_9slice","STAGED","BLOCKED"
"res://assets/runtime/ui/ashen/buttons/ashen_button_primary_normal_9slice.png","96","40","7EB111180A1820EBCCA0E5811F111E67389FEEBA8DFF39EEFDB66BFF5F20EA08","res://assets/runtime/ui/ashen/buttons/ashen_button_primary_normal_9slice.png.import","assets/runtime/asset_manifest.json;scenes/ui/components/ashen_primary_button.tscn;scenes/ui/theme/ashen_ui_theme.tres","1","CANONICAL","ashen_button_primary_normal_9slice","STAGED","BLOCKED"
"res://assets/runtime/ui/ashen/buttons/ashen_button_primary_pressed_9slice.png","96","40","CE41C41E2A1ED44A91F786CE8C3AD50ABE6878DF85A71165A48D74E52143BDFF","res://assets/runtime/ui/ashen/buttons/ashen_button_primary_pressed_9slice.png.import","assets/runtime/asset_manifest.json;scenes/ui/components/ashen_primary_button.tscn;scenes/ui/theme/ashen_ui_theme.tres","1","CANONICAL","ashen_button_primary_pressed_9slice","STAGED","BLOCKED"
"res://assets/runtime/ui/ashen/controls/ashen_scroll_grabber_hover.png","12","24","B7E91AD246C880B3E4B3B585DF16991E5752A191DBD0B489EDF9D6F9FD07612C","res://assets/runtime/ui/ashen/controls/ashen_scroll_grabber_hover.png.import","assets/runtime/asset_manifest.json;scenes/ui/theme/ashen_ui_theme.tres","1","CANONICAL","ashen_scroll_grabber_hover","STAGED","BLOCKED"
"res://assets/runtime/ui/ashen/controls/ashen_scroll_grabber_normal.png","12","24","F437D7ACE433F68F5371482C75F7D7CA49D98EDAA68BA0F035B205216A1D5233","res://assets/runtime/ui/ashen/controls/ashen_scroll_grabber_normal.png.import","assets/runtime/asset_manifest.json;scenes/ui/theme/ashen_ui_theme.tres","1","CANONICAL","ashen_scroll_grabber_normal","STAGED","BLOCKED"
"res://assets/runtime/ui/ashen/controls/ashen_scroll_grabber_pressed.png","12","24","14B44AA28280FF785F7A67140674CC03D79BD21A148CF3156DFE92ED958217B6","res://assets/runtime/ui/ashen/controls/ashen_scroll_grabber_pressed.png.import","assets/runtime/asset_manifest.json;scenes/ui/theme/ashen_ui_theme.tres","1","CANONICAL","ashen_scroll_grabber_pressed","STAGED","BLOCKED"
"res://assets/runtime/ui/ashen/controls/ashen_scroll_track.png","12","64","103262DC563DB88BE08F27DC3628DCDB9D08BEECC2ED8B5264F88119EA0EEA68","res://assets/runtime/ui/ashen/controls/ashen_scroll_track.png.import","assets/runtime/asset_manifest.json;scenes/ui/theme/ashen_ui_theme.tres","1","CANONICAL","ashen_scroll_track","STAGED","BLOCKED"
"res://assets/runtime/ui/ashen/controls/ashen_slider_fill.png","128","10","E51D2D54B38A7CB26EE96A6AB4B7F02144954C6DBA72EB7A4261A933ADF5BDE4","res://assets/runtime/ui/ashen/controls/ashen_slider_fill.png.import","assets/runtime/asset_manifest.json;scenes/ui/theme/ashen_ui_theme.tres","1","CANONICAL","ashen_slider_fill","STAGED","BLOCKED"
"res://assets/runtime/ui/ashen/controls/ashen_slider_knob.png","24","24","53BF0FBC97F6F57EBB811044C02391A354DBB18211521E3CAC1BB984A2701192","res://assets/runtime/ui/ashen/controls/ashen_slider_knob.png.import","assets/runtime/asset_manifest.json;scenes/ui/theme/ashen_ui_theme.tres","1","CANONICAL","ashen_slider_knob","STAGED","BLOCKED"
"res://assets/runtime/ui/ashen/controls/ashen_slider_track.png","128","10","71530D1098B7969519C16F973502BE039B2C80BD789A7BEA4B2332AB91C4E580","res://assets/runtime/ui/ashen/controls/ashen_slider_track.png.import","assets/runtime/asset_manifest.json;scenes/ui/theme/ashen_ui_theme.tres","1","CANONICAL","ashen_slider_track","STAGED","BLOCKED"
"res://assets/runtime/ui/ashen/controls/ashen_toggle_off.png","52","28","656FE32117100729742C602C9AF6E2082C78E7E0F5437F666F3D6E3105F4BEEA","res://assets/runtime/ui/ashen/controls/ashen_toggle_off.png.import","scenes/ui/components/ashen_toggle_row.gd;assets/runtime/asset_manifest.json;scenes/ui/components/ashen_toggle_row.tscn","1","CANONICAL","ashen_toggle_off","STAGED","BLOCKED"
"res://assets/runtime/ui/ashen/controls/ashen_toggle_on.png","52","28","A4FBDA3EF25F64B95E460D720C7451946062C844036227FA7777370EB6FA4A68","res://assets/runtime/ui/ashen/controls/ashen_toggle_on.png.import","scenes/ui/components/ashen_toggle_row.gd;assets/runtime/asset_manifest.json","1","CANONICAL","ashen_toggle_on","STAGED","BLOCKED"
"res://assets/runtime/ui/ashen/frames/ashen_card_disabled_9slice.png","64","64","3E48D860555DC0C2CA36D1CA9EF8617CBE8785AAD4410CDC5DD4A841FC58A4E3","res://assets/runtime/ui/ashen/frames/ashen_card_disabled_9slice.png.import","assets/runtime/asset_manifest.json;scenes/ui/theme/ashen_ui_theme.tres","1","CANONICAL","ashen_card_disabled_9slice","STAGED","BLOCKED"
"res://assets/runtime/ui/ashen/frames/ashen_card_frame_9slice.png","64","64","F0883FA7C82DDDB730115B6608ED36DE691620A456ABC634E94C7E74CDEEB9F3","res://assets/runtime/ui/ashen/frames/ashen_card_frame_9slice.png.import","scenes/ui/components/ashen_card.tscn;assets/runtime/asset_manifest.json;scenes/ui/theme/ashen_ui_theme.tres","1","CANONICAL","ashen_card_frame_9slice","STAGED","BLOCKED"
"res://assets/runtime/ui/ashen/frames/ashen_card_selected_9slice.png","64","64","FAA38DBE0298AEF9324B46B643FC14F62E15D46E65B4EF2F6EACADD8F0F7ACAD","res://assets/runtime/ui/ashen/frames/ashen_card_selected_9slice.png.import","scenes/ui/components/ashen_card.tscn;assets/runtime/asset_manifest.json;scenes/ui/theme/ashen_ui_theme.tres","1","CANONICAL","ashen_card_selected_9slice","STAGED","BLOCKED"
"res://assets/runtime/ui/ashen/frames/ashen_focus_ring_9slice.png","64","64","CB236341480D5EFB21FE1C941696328181931A712258CEE8B81B47C970B65E07","res://assets/runtime/ui/ashen/frames/ashen_focus_ring_9slice.png.import","assets/runtime/asset_manifest.json;scenes/ui/theme/ashen_ui_theme.tres","1","CANONICAL","ashen_focus_ring_9slice","STAGED","BLOCKED"
"res://assets/runtime/ui/ashen/frames/ashen_header_frame_9slice.png","160","56","267502C048CEB580D4F4F9647CC1D306D651BC613AEBD3F8444E1CC968509C33","res://assets/runtime/ui/ashen/frames/ashen_header_frame_9slice.png.import","assets/runtime/asset_manifest.json;scenes/ui/components/ashen_header.tscn;scenes/ui/theme/ashen_ui_theme.tres","1","CANONICAL","ashen_header_frame_9slice","STAGED","BLOCKED"
"res://assets/runtime/ui/ashen/frames/ashen_modal_frame_9slice.png","96","96","4937BC31BE12A477701295E73EB0981C339B235D4376D813594FF0EC0197879C","res://assets/runtime/ui/ashen/frames/ashen_modal_frame_9slice.png.import","assets/runtime/asset_manifest.json;scenes/ui/theme/ashen_ui_theme.tres;scenes/ui/components/ashen_modal.tscn","1","CANONICAL","ashen_modal_frame_9slice","STAGED","BLOCKED"
"res://assets/runtime/ui/ashen/frames/ashen_panel_frame_9slice.png","64","64","A28CB89291CDC103654A397DBC4E5BF013E283FF102B06DF16059F3D533E211C","res://assets/runtime/ui/ashen/frames/ashen_panel_frame_9slice.png.import","assets/runtime/asset_manifest.json;scenes/ui/theme/ashen_ui_theme.tres","1","CANONICAL","ashen_panel_frame_9slice","STAGED","BLOCKED"
"res://assets/runtime/ui/ashen/frames/ashen_slot_empty_9slice.png","64","64","695FF903AABB8201119732D4C6DA359CB292A51CA0C1BB98468CA443D7547114","res://assets/runtime/ui/ashen/frames/ashen_slot_empty_9slice.png.import","assets/runtime/asset_manifest.json;scenes/ui/theme/ashen_ui_theme.tres","1","CANONICAL","ashen_slot_empty_9slice","STAGED","BLOCKED"
"res://assets/runtime/ui/ashen/frames/ashen_slot_selected_9slice.png","64","64","32C158E353BA9661715DF3AA6A93B854F7B7BC435CC3D53AFD8469F1C653D72A","res://assets/runtime/ui/ashen/frames/ashen_slot_selected_9slice.png.import","assets/runtime/asset_manifest.json;scenes/ui/theme/ashen_ui_theme.tres","1","CANONICAL","ashen_slot_selected_9slice","STAGED","BLOCKED"
"res://assets/runtime/ui/ashen/frames/ashen_text_field_9slice.png","64","64","BC1938A2238BB8095859C614B9759CDC3CFDD439B5F46E071B54FCD1C8CA2B15","res://assets/runtime/ui/ashen/frames/ashen_text_field_9slice.png.import","assets/runtime/asset_manifest.json;scenes/ui/theme/ashen_ui_theme.tres","1","CANONICAL","ashen_text_field_9slice","STAGED","BLOCKED"
"res://assets/runtime/ui/ashen/frames/ashen_warning_frame_9slice.png","64","64","F238038B772FC2B46870FAE08E36377638C67AEB9A44E37A8ECD36FD6F217D74","res://assets/runtime/ui/ashen/frames/ashen_warning_frame_9slice.png.import","assets/runtime/asset_manifest.json;scenes/ui/theme/ashen_ui_theme.tres","1","CANONICAL","ashen_warning_frame_9slice","STAGED","BLOCKED"
"res://assets/runtime/ui/ashen/icons/ashen_icon_arrow_left.png","24","24","E991D4BE46A5791D79E7E53F2496427876F22E5FB56237B0F969AC988CC98C06","res://assets/runtime/ui/ashen/icons/ashen_icon_arrow_left.png.import","assets/runtime/asset_manifest.json","1","CANONICAL","ashen_icon_arrow_left","STAGED","BLOCKED"
"res://assets/runtime/ui/ashen/icons/ashen_icon_arrow_right.png","24","24","5EE7A1BCEF8168DAD53C194F08E231EFF84191709A3D6FEFB7BB10F750FFEF96","res://assets/runtime/ui/ashen/icons/ashen_icon_arrow_right.png.import","assets/runtime/asset_manifest.json","1","CANONICAL","ashen_icon_arrow_right","STAGED","BLOCKED"
"res://assets/runtime/ui/ashen/icons/ashen_icon_building_slot.png","24","24","7920F4646A73AD162CE569EF7774F45D1DF3BB926A7923257205A4FD57C893E8","res://assets/runtime/ui/ashen/icons/ashen_icon_building_slot.png.import","assets/runtime/asset_manifest.json","1","CANONICAL","ashen_icon_building_slot","STAGED","BLOCKED"
"res://assets/runtime/ui/ashen/icons/ashen_icon_check.png","24","24","BF85939DF9EA6C245C89553CB94EEAD6E28D5B6BEC12D5B471C654096200DA62","res://assets/runtime/ui/ashen/icons/ashen_icon_check.png.import","assets/runtime/asset_manifest.json","1","CANONICAL","ashen_icon_check","STAGED","BLOCKED"
"res://assets/runtime/ui/ashen/icons/ashen_icon_close.png","24","24","7CEFBCF93630DD99C8B90EC9DCD4AE24B3F86EE8A7986C21A898B01D730B480D","res://assets/runtime/ui/ashen/icons/ashen_icon_close.png.import","assets/runtime/asset_manifest.json;scenes/ui/components/ashen_modal.tscn;scenes/ui/screens/settings_support/ashen_settings_modal_hq.tscn","1","CANONICAL","ashen_icon_close","STAGED","BLOCKED"
"res://assets/runtime/ui/ashen/icons/ashen_icon_export.png","24","24","794F56C525E0416A4A5F2222E41D03C7F74E68885124A989991F41617AA16D0D","res://assets/runtime/ui/ashen/icons/ashen_icon_export.png.import","assets/runtime/asset_manifest.json","1","CANONICAL","ashen_icon_export","STAGED","BLOCKED"
"res://assets/runtime/ui/ashen/icons/ashen_icon_gate.png","24","24","7BE90A96C47400B6CE4376524DE3EB7D51CFCC16D912C1DCD28C84C5F696E935","res://assets/runtime/ui/ashen/icons/ashen_icon_gate.png.import","assets/runtime/asset_manifest.json","1","CANONICAL","ashen_icon_gate","STAGED","BLOCKED"
"res://assets/runtime/ui/ashen/icons/ashen_icon_import.png","24","24","9362B98D0776AA2E767BC16DAE35592A57F7BAF683E64AA3CA693E2A943A21E8","res://assets/runtime/ui/ashen/icons/ashen_icon_import.png.import","assets/runtime/asset_manifest.json","1","CANONICAL","ashen_icon_import","STAGED","BLOCKED"
"res://assets/runtime/ui/ashen/icons/ashen_icon_info.png","24","24","49214E33F49555E6060D0E2DDBB5F0D18DA3D9DBCDFCD32DD2F109A66CE4FA09","res://assets/runtime/ui/ashen/icons/ashen_icon_info.png.import","assets/runtime/asset_manifest.json","1","CANONICAL","ashen_icon_info","STAGED","BLOCKED"
"res://assets/runtime/ui/ashen/icons/ashen_icon_lock.png","24","24","0A486583B9FECD32F056D0BD12A0A9348DDF9E2EFCF3F52E7FAE2C4E1C0F5662","res://assets/runtime/ui/ashen/icons/ashen_icon_lock.png.import","assets/runtime/asset_manifest.json","1","CANONICAL","ashen_icon_lock","STAGED","BLOCKED"
"res://assets/runtime/ui/ashen/icons/ashen_icon_plus.png","24","24","BE116FE5469788110E97D5F75C6154AA900846A2AE4E90043FC783BF50A1673F","res://assets/runtime/ui/ashen/icons/ashen_icon_plus.png.import","assets/runtime/asset_manifest.json","1","CANONICAL","ashen_icon_plus","STAGED","BLOCKED"
"res://assets/runtime/ui/ashen/icons/ashen_icon_provisions.png","24","24","4ACB9D8814CE17152211D4EF7D03831BE1997D03607CF215A0AFDB5E4716FA62","res://assets/runtime/ui/ashen/icons/ashen_icon_provisions.png.import","assets/runtime/asset_manifest.json","1","CANONICAL","ashen_icon_provisions","STAGED","BLOCKED"
"res://assets/runtime/ui/ashen/icons/ashen_icon_refresh.png","24","24","3E72E83D5176E6856917261409CCE0D8F24CA7677E9AA22BF9A8911A53D6E72C","res://assets/runtime/ui/ashen/icons/ashen_icon_refresh.png.import","assets/runtime/asset_manifest.json","1","CANONICAL","ashen_icon_refresh","STAGED","BLOCKED"
"res://assets/runtime/ui/ashen/icons/ashen_icon_silver.png","24","24","6F3C7B5C106670686896C9BB936E1EA66101513C020D3781C00B4DB52F383090","res://assets/runtime/ui/ashen/icons/ashen_icon_silver.png.import","assets/runtime/asset_manifest.json","1","CANONICAL","ashen_icon_silver","STAGED","BLOCKED"
"res://assets/runtime/ui/ashen/icons/ashen_icon_skull.png","24","24","28DA6A78BEC9AA8D324B868B267741BD409D30ECCECBF780144578F25A997AE0","res://assets/runtime/ui/ashen/icons/ashen_icon_skull.png.import","assets/runtime/asset_manifest.json","1","CANONICAL","ashen_icon_skull","STAGED","BLOCKED"
"res://assets/runtime/ui/ashen/icons/ashen_icon_tent.png","24","24","9825E5E9DBEDDE38ADF15A00D943D80F61B6FE2B34E441933FDE136BF38A31F2","res://assets/runtime/ui/ashen/icons/ashen_icon_tent.png.import","assets/runtime/asset_manifest.json","1","CANONICAL","ashen_icon_tent","STAGED","BLOCKED"
"res://assets/runtime/ui/ashen/icons/ashen_icon_warning.png","24","24","719535AD6A68AD3ECCFE1847C0D02B1C40D3FA1360529F5A82172EB52CEC3282","res://assets/runtime/ui/ashen/icons/ashen_icon_warning.png.import","assets/runtime/asset_manifest.json","1","CANONICAL","ashen_icon_warning","STAGED","BLOCKED"
"res://assets/runtime/ui/ashen/ornaments/ashen_corner_bracket.png","20","20","1BB8F58ADD7E0991E2FB581F093CD7297F46F0062B23BCD15B0C0FE820A9A71E","res://assets/runtime/ui/ashen/ornaments/ashen_corner_bracket.png.import","assets/runtime/asset_manifest.json","1","CANONICAL","ashen_corner_bracket","STAGED","BLOCKED"
"res://assets/runtime/ui/ashen/ornaments/ashen_header_crest.png","32","24","343EAA747C2160B6D68F314F28A13391C1F306D7BF4F4821C761C98F1EAB8A64","res://assets/runtime/ui/ashen/ornaments/ashen_header_crest.png.import","assets/runtime/asset_manifest.json;scenes/ui/components/ashen_header.tscn","1","CANONICAL","ashen_header_crest","STAGED","BLOCKED"
"res://assets/runtime/ui/ashen/ornaments/ashen_lantern.png","28","52","6C38E048C45F8296D61CD52CAF1DB08C6C4FA3980831F203795C44DC3584129F","res://assets/runtime/ui/ashen/ornaments/ashen_lantern.png.import","assets/runtime/asset_manifest.json;scenes/world/camp/camp_ambience.tscn","1","CANONICAL","ashen_lantern","STAGED","BLOCKED"
"res://assets/runtime/ui/ashen/ornaments/ashen_rivet.png","8","8","2FBE38C28384E35044B288ECB49C5FC5F7A89776F84EC4CCB3C757FA9E85D91D","res://assets/runtime/ui/ashen/ornaments/ashen_rivet.png.import","assets/runtime/asset_manifest.json","1","CANONICAL","ashen_rivet","STAGED","BLOCKED"
"res://assets/runtime/ui/ashen/ornaments/ashen_section_divider.png","256","12","8FCAB85A382E7A97B27A99314BEE92925F8E793803EC9DC738D2EDB060AAB61F","res://assets/runtime/ui/ashen/ornaments/ashen_section_divider.png.import","assets/runtime/asset_manifest.json;scenes/ui/components/ashen_section_header.tscn","1","CANONICAL","ashen_section_divider","STAGED","BLOCKED"
"res://assets/runtime/ui/ashen/tiles/ashen_panel_fill_tile.png","32","32","25E1EA1B3A79EE070C942E6DB14CC06D3C7AF85C4986054F98F66660E75F37DF","res://assets/runtime/ui/ashen/tiles/ashen_panel_fill_tile.png.import","assets/runtime/asset_manifest.json","1","CANONICAL","ashen_panel_fill_tile","STAGED","BLOCKED"
"res://assets/runtime/ui/ashen/tiles/ashen_world_dim_dither.png","16","16","1A4D687C8113BD3D9FDEEBA9C492300F8A5B9457C6F97DA6E357B22CF55B32F3","res://assets/runtime/ui/ashen/tiles/ashen_world_dim_dither.png.import","assets/runtime/asset_manifest.json","1","CANONICAL","ashen_world_dim_dither","STAGED","BLOCKED"
"res://assets/runtime/ui/ashen_hq/settings/buttons/ashen_button_neutral_disabled_300x50.png","300","50","23C10AE6B41E6C7AB4AB2DFD929484010E82BE28874151D8395F45D86410EB48","res://assets/runtime/ui/ashen_hq/settings/buttons/ashen_button_neutral_disabled_300x50.png.import","assets/runtime/asset_manifest.json;scenes/ui/screens/settings_support/settings_button_hq.tscn","1","CANONICAL","ashen_button_neutral_disabled_300x50","STAGED","BLOCKED"
"res://assets/runtime/ui/ashen_hq/settings/buttons/ashen_button_neutral_half_disabled_146x50.png","146","50","DF2C6BDCD7428B9ACC7F7B8DA3221A197EF216DC85C29FCD460C15ADEB798182","res://assets/runtime/ui/ashen_hq/settings/buttons/ashen_button_neutral_half_disabled_146x50.png.import","assets/runtime/asset_manifest.json;scenes/ui/screens/settings_support/settings_button_half_hq.tscn","1","CANONICAL","ashen_button_neutral_half_disabled_146x50","STAGED","BLOCKED"
"res://assets/runtime/ui/ashen_hq/settings/buttons/ashen_button_neutral_half_hover_146x50.png","146","50","2ED466BFE40C1B76131649AC9FE8FFAE018AB9750DC7B5D801CA4147EBC0E3CC","res://assets/runtime/ui/ashen_hq/settings/buttons/ashen_button_neutral_half_hover_146x50.png.import","assets/runtime/asset_manifest.json;scenes/ui/screens/settings_support/settings_button_half_hq.tscn","1","CANONICAL","ashen_button_neutral_half_hover_146x50","STAGED","BLOCKED"
"res://assets/runtime/ui/ashen_hq/settings/buttons/ashen_button_neutral_half_normal_146x50.png","146","50","AE8929E6B002E8704F0CFD5921762975C36DE617DE80AD511BFDD250CE43D466","res://assets/runtime/ui/ashen_hq/settings/buttons/ashen_button_neutral_half_normal_146x50.png.import","assets/runtime/asset_manifest.json;scenes/ui/screens/settings_support/settings_button_half_hq.tscn","1","CANONICAL","ashen_button_neutral_half_normal_146x50","STAGED","BLOCKED"
"res://assets/runtime/ui/ashen_hq/settings/buttons/ashen_button_neutral_half_pressed_146x50.png","146","50","86F7F106AD173DE5718EFC7E7111CAFDEA2CA2250E2A58AB6EC6D4B8576D4A23","res://assets/runtime/ui/ashen_hq/settings/buttons/ashen_button_neutral_half_pressed_146x50.png.import","assets/runtime/asset_manifest.json;scenes/ui/screens/settings_support/settings_button_half_hq.tscn","1","CANONICAL","ashen_button_neutral_half_pressed_146x50","STAGED","BLOCKED"
"res://assets/runtime/ui/ashen_hq/settings/buttons/ashen_button_neutral_hover_300x50.png","300","50","3C7FFC1EA9EB60430AA5458CFF3BB6EA288991849194528D175B3FE3EF2CA06F","res://assets/runtime/ui/ashen_hq/settings/buttons/ashen_button_neutral_hover_300x50.png.import","assets/runtime/asset_manifest.json;scenes/ui/screens/settings_support/settings_button_hq.tscn","1","CANONICAL","ashen_button_neutral_hover_300x50","STAGED","BLOCKED"
"res://assets/runtime/ui/ashen_hq/settings/buttons/ashen_button_neutral_normal_300x50.png","300","50","58841C41FF91E82D613BFEC7798C9537AD6ABE7D102E01A3C41B782E8067F0E6","res://assets/runtime/ui/ashen_hq/settings/buttons/ashen_button_neutral_normal_300x50.png.import","assets/runtime/asset_manifest.json;scenes/ui/screens/settings_support/settings_button_hq.tscn","1","CANONICAL","ashen_button_neutral_normal_300x50","STAGED","BLOCKED"
"res://assets/runtime/ui/ashen_hq/settings/buttons/ashen_button_neutral_pressed_300x50.png","300","50","BD637D5004F7029762010AAC50C881F17B9A2A01F0A2EAED6DF947203B14EE74","res://assets/runtime/ui/ashen_hq/settings/buttons/ashen_button_neutral_pressed_300x50.png.import","assets/runtime/asset_manifest.json;scenes/ui/screens/settings_support/settings_button_hq.tscn","1","CANONICAL","ashen_button_neutral_pressed_300x50","STAGED","BLOCKED"
"res://assets/runtime/ui/ashen_hq/settings/buttons/ashen_button_red_disabled_300x50.png","300","50","2848EF091A3D4BA182395640128FADA89979309FBF2F8AE53B5BB9A372123EE8","res://assets/runtime/ui/ashen_hq/settings/buttons/ashen_button_red_disabled_300x50.png.import","assets/runtime/asset_manifest.json;scenes/ui/screens/settings_support/settings_button_red_hq.tscn","1","CANONICAL","ashen_button_red_disabled_300x50","STAGED","BLOCKED"
"res://assets/runtime/ui/ashen_hq/settings/buttons/ashen_button_red_hover_300x50.png","300","50","7A4E1B0AE1F88CE501A963C41EAA02B85D5A2FB42D1FCC7D57BA9A0EDA76D5E5","res://assets/runtime/ui/ashen_hq/settings/buttons/ashen_button_red_hover_300x50.png.import","assets/runtime/asset_manifest.json;scenes/ui/screens/settings_support/settings_button_red_hq.tscn","1","CANONICAL","ashen_button_red_hover_300x50","STAGED","BLOCKED"
"res://assets/runtime/ui/ashen_hq/settings/buttons/ashen_button_red_normal_300x50.png","300","50","51CAD1B01B441A4179452123E8CE5B60874A6632EB08D2B65AAED2B01B43AE03","res://assets/runtime/ui/ashen_hq/settings/buttons/ashen_button_red_normal_300x50.png.import","assets/runtime/asset_manifest.json;scenes/ui/screens/settings_support/settings_button_red_hq.tscn","1","CANONICAL","ashen_button_red_normal_300x50","STAGED","BLOCKED"
"res://assets/runtime/ui/ashen_hq/settings/buttons/ashen_button_red_pressed_300x50.png","300","50","D7A2651AACF538C53FAAB6FC30C8536D0EEF9F0D6B5813C20ACB38E03EC36E32","res://assets/runtime/ui/ashen_hq/settings/buttons/ashen_button_red_pressed_300x50.png.import","assets/runtime/asset_manifest.json;scenes/ui/screens/settings_support/settings_button_red_hq.tscn","1","CANONICAL","ashen_button_red_pressed_300x50","STAGED","BLOCKED"
"res://assets/runtime/ui/ashen_hq/settings/buttons/ashen_segment_normal_94x44.png","94","44","77AFD1B2BC607573B75DA88600D77DD6EE1A2727D0B5B66964E48E4BF882B5B5","res://assets/runtime/ui/ashen_hq/settings/buttons/ashen_segment_normal_94x44.png.import","assets/runtime/asset_manifest.json","1","CANONICAL","ashen_segment_normal_94x44","STAGED","BLOCKED"
"res://assets/runtime/ui/ashen_hq/settings/buttons/ashen_segment_selected_94x44.png","94","44","A7D1A289BD054807B9F262E81611589AE3B19C8E997102625653C649AA4EAD20","res://assets/runtime/ui/ashen_hq/settings/buttons/ashen_segment_selected_94x44.png.import","assets/runtime/asset_manifest.json","1","CANONICAL","ashen_segment_selected_94x44","STAGED","BLOCKED"
"res://assets/runtime/ui/ashen_hq/settings/controls/ashen_scroll_grabber_hover_14x42.png","14","42","F858AE7FA0C5A41BD8459597BF8ABEB44063D75C26A63018353010AF08A77DA4","res://assets/runtime/ui/ashen_hq/settings/controls/ashen_scroll_grabber_hover_14x42.png.import","assets/runtime/asset_manifest.json;scenes/ui/screens/settings_screen.tscn","1","CANONICAL","ashen_scroll_grabber_hover_14x42","STAGED","BLOCKED"
"res://assets/runtime/ui/ashen_hq/settings/controls/ashen_scroll_grabber_normal_14x42.png","14","42","6E7FF2245EEF444D1E3399D7785272381C306E90B3BB2CC823246D23E9350FAE","res://assets/runtime/ui/ashen_hq/settings/controls/ashen_scroll_grabber_normal_14x42.png.import","assets/runtime/asset_manifest.json;scenes/ui/screens/settings_screen.tscn","1","CANONICAL","ashen_scroll_grabber_normal_14x42","STAGED","BLOCKED"
"res://assets/runtime/ui/ashen_hq/settings/controls/ashen_scroll_grabber_pressed_14x42.png","14","42","479DC75DFC9370ACBB11D3A06085A392249162EA93D7FF0F5C6D3F95FD4854EC","res://assets/runtime/ui/ashen_hq/settings/controls/ashen_scroll_grabber_pressed_14x42.png.import","assets/runtime/asset_manifest.json;scenes/ui/screens/settings_screen.tscn","1","CANONICAL","ashen_scroll_grabber_pressed_14x42","STAGED","BLOCKED"
"res://assets/runtime/ui/ashen_hq/settings/controls/ashen_scroll_track_12x128.png","12","128","87B1F34B669AE53E36ACD0985B159E14F6AF72032CEDD315CDE0E575602FE39F","res://assets/runtime/ui/ashen_hq/settings/controls/ashen_scroll_track_12x128.png.import","assets/runtime/asset_manifest.json;scenes/ui/screens/settings_screen.tscn","1","CANONICAL","ashen_scroll_track_12x128","STAGED","BLOCKED"
"res://assets/runtime/ui/ashen_hq/settings/controls/ashen_slider_fill_190x18.png","190","18","2FE13335C062901A9B3F811E3ADBE8BDBF672D6134368A7EBE01B7E25404A15F","res://assets/runtime/ui/ashen_hq/settings/controls/ashen_slider_fill_190x18.png.import","scenes/ui/screens/settings_support/settings_slider_hq.tscn;assets/runtime/asset_manifest.json","1","CANONICAL","ashen_slider_fill_190x18","STAGED","BLOCKED"
"res://assets/runtime/ui/ashen_hq/settings/controls/ashen_slider_knob_24x24.png","24","24","92259514BE5FA366FAA9420AD10D4DB8060B3907740F285AA5402840FA7875F7","res://assets/runtime/ui/ashen_hq/settings/controls/ashen_slider_knob_24x24.png.import","scenes/ui/screens/settings_support/settings_slider_hq.tscn;assets/runtime/asset_manifest.json","1","CANONICAL","ashen_slider_knob_24x24","STAGED","BLOCKED"
"res://assets/runtime/ui/ashen_hq/settings/controls/ashen_slider_track_190x18.png","190","18","44BDA692557DF14D772C516F2E4785A5E808F2187E2A0A58A8025905E6A8FDC7","res://assets/runtime/ui/ashen_hq/settings/controls/ashen_slider_track_190x18.png.import","scenes/ui/screens/settings_support/settings_slider_hq.tscn;assets/runtime/asset_manifest.json","1","CANONICAL","ashen_slider_track_190x18","STAGED","BLOCKED"
"res://assets/runtime/ui/ashen_hq/settings/controls/ashen_toggle_off_54x30.png","54","30","DD8C06903484020BFADC694F5963D93211D814BB1EE01067D00DAC3AED2464F9","res://assets/runtime/ui/ashen_hq/settings/controls/ashen_toggle_off_54x30.png.import","assets/runtime/asset_manifest.json;scenes/ui/screens/settings_support/settings_toggle_hq.tscn;scenes/ui/screens/settings_support/settings_toggle_hq.gd;scenes/ui/screens/settings_screen.gd","1","CANONICAL","ashen_toggle_off_54x30","STAGED","BLOCKED"
"res://assets/runtime/ui/ashen_hq/settings/controls/ashen_toggle_on_54x30.png","54","30","B532D9D021DF6399027B68604392DF6C93C8CF5F4E82F20F139A0B86C2994692","res://assets/runtime/ui/ashen_hq/settings/controls/ashen_toggle_on_54x30.png.import","assets/runtime/asset_manifest.json;scenes/ui/screens/settings_support/settings_toggle_hq.gd;scenes/ui/screens/settings_screen.gd","1","CANONICAL","ashen_toggle_on_54x30","STAGED","BLOCKED"
"res://assets/runtime/ui/ashen_hq/settings/frames/ashen_dim_dither_8.png","8","8","C25FFF4B0D2F82A015D5EEAD5EB421CF22CF504B56DD979553E32F3342EEC451","res://assets/runtime/ui/ashen_hq/settings/frames/ashen_dim_dither_8.png.import","assets/runtime/asset_manifest.json","1","CANONICAL","ashen_dim_dither_8","STAGED","BLOCKED"
"res://assets/runtime/ui/ashen_hq/settings/frames/ashen_panel_texture_tile_32.png","32","32","09F2AA7B3D5874419A55D5CACAA1CE1A3F19C9D381633CF6CF642E70EC274CB5","res://assets/runtime/ui/ashen_hq/settings/frames/ashen_panel_texture_tile_32.png.import","assets/runtime/asset_manifest.json","1","CANONICAL","ashen_panel_texture_tile_32","STAGED","BLOCKED"
"res://assets/runtime/ui/ashen_hq/settings/frames/ashen_settings_modal_fixed_354x724.png","354","724","476857B88A2499388B249C3FDA8AE2D04DEEFF5CB08F8A12D45940441CA3FB63","res://assets/runtime/ui/ashen_hq/settings/frames/ashen_settings_modal_fixed_354x724.png.import","assets/runtime/asset_manifest.json;scenes/ui/screens/settings_support/ashen_settings_modal_hq.tscn","1","CANONICAL","ashen_settings_modal_fixed_354x724","STAGED","BLOCKED"
"res://assets/runtime/ui/ashen_hq/settings/frames/ashen_text_field_286x82.png","286","82","A7561267657ABA54A461C15CC0B69FDFD81612EB7EA02F49D36147F2424E3A32","res://assets/runtime/ui/ashen_hq/settings/frames/ashen_text_field_286x82.png.import","assets/runtime/asset_manifest.json;scenes/ui/screens/settings_screen.tscn","1","CANONICAL","ashen_text_field_286x82","STAGED","BLOCKED"
"res://assets/runtime/ui/ashen_hq/settings/frames/ashen_title_plaque_292x72.png","292","72","1FC05F0FDAF08CA03E24DBB51489CD50B768BA93F1D18D4E4CEB30D2DDC88AC3","res://assets/runtime/ui/ashen_hq/settings/frames/ashen_title_plaque_292x72.png.import","assets/runtime/asset_manifest.json","1","CANONICAL","ashen_title_plaque_292x72","STAGED","BLOCKED"
"res://assets/runtime/ui/ashen_hq/settings/icons/ashen_close_button_44x44.png","44","44","D6795DE8630458341199143DAEC51DF294E12978E66617107B39A1F47BD8202E","res://assets/runtime/ui/ashen_hq/settings/icons/ashen_close_button_44x44.png.import","assets/runtime/asset_manifest.json","1","CANONICAL","ashen_close_button_44x44","STAGED","BLOCKED"
"res://assets/runtime/ui/ashen_hq/settings/ornaments/ashen_divider_left_96x20.png","96","20","16AB3354493063F16E1ED29F53126F0E013D7BC8E05E3E9ADB59F2D3228EFB3D","res://assets/runtime/ui/ashen_hq/settings/ornaments/ashen_divider_left_96x20.png.import","assets/runtime/asset_manifest.json;scenes/ui/screens/settings_support/settings_section_hq.tscn","1","CANONICAL","ashen_divider_left_96x20","STAGED","BLOCKED"
"res://assets/runtime/ui/ashen_hq/settings/ornaments/ashen_divider_right_96x20.png","96","20","81C2D3C547FF526578C38D8ED004A506B757837C9936B811282CC9D9B5AD718A","res://assets/runtime/ui/ashen_hq/settings/ornaments/ashen_divider_right_96x20.png.import","assets/runtime/asset_manifest.json;scenes/ui/screens/settings_support/settings_section_hq.tscn","1","CANONICAL","ashen_divider_right_96x20","STAGED","BLOCKED"
"res://assets/runtime/ui/ashen_hq/settings/ornaments/ashen_header_crest_54x36.png","54","36","4A4ED222F59D03D2A29549EA6F17C617996A02A741F0ADB5B1A35371482C1120","res://assets/runtime/ui/ashen_hq/settings/ornaments/ashen_header_crest_54x36.png.import","assets/runtime/asset_manifest.json","1","CANONICAL","ashen_header_crest_54x36","STAGED","BLOCKED"
"res://assets/runtime/ui/camp_title_crest.png","768","230","7D4BE5E90F92AF04349116E7513856E42CD532610369F0D45FA6F4E88B2B0517","res://assets/runtime/ui/camp_title_crest.png.import","assets/runtime/asset_manifest.json;scenes/ui/hud/hud.tscn","2","CANONICAL","camp_title_crest","STAGED","BLOCKED"
"res://assets/runtime/ui/dread_icon.png","24","24","0B8C00DAFFA73BFC19604C5CD21D26670F7C8D7FD290F51AA837BEA5C8F55BCB","res://assets/runtime/ui/dread_icon.png.import","assets/runtime/asset_manifest.json","2","CANONICAL","dread_icon","STAGED","BLOCKED"
"res://assets/runtime/ui/heart_icon.png","24","24","E874CAFAB5CAFB969AB43226530043434280AE347E9A4150E27197FD638E31DA","res://assets/runtime/ui/heart_icon.png.import","assets/runtime/asset_manifest.json;scenes/ui/hud/hud.tscn","2","CANONICAL","heart_icon","STAGED","BLOCKED"
"res://assets/runtime/ui/key_icon.png","24","24","7FE8BA10C815843AFA612A76CB1916421624A53525B2517935E343335B12D47F","res://assets/runtime/ui/key_icon.png.import","assets/runtime/asset_manifest.json;scenes/ui/hud/hud.tscn","2","CANONICAL","key_icon","STAGED","BLOCKED"
"res://assets/runtime/ui/level_icon.png","24","24","73A5C4105CBCD25031CC9970BBC6580492B25A7E7A2B8C146F05AA6B34D1E971","res://assets/runtime/ui/level_icon.png.import","assets/runtime/asset_manifest.json","2","CANONICAL","level_icon","STAGED","BLOCKED"
"res://assets/runtime/ui/menu_background.png","846","1859","95B12EB4CA0029ECEBEBF88EAE76A8EFB1A6253219A3CF12A61244C717BFEF41","res://assets/runtime/ui/menu_background.png.import","scenes/ui/overlays/level_up_overlay.tscn;assets/runtime/asset_manifest.json;scenes/ui/screens/training_tree_screen.tscn;scenes/ui/overlays/relic_choice_overlay.tscn;scenes/ui/screens/results_screen.tscn;scenes/ui/overlays/confirmation_overlay.tscn;scenes/ui/screens/arsenal_screen.tscn;scenes/ui/screens/camp_list_screen.tscn","2","CANONICAL","menu_background","STAGED","BLOCKED"
"res://assets/runtime/ui/menu_button_plate.png","1717","916","1706E655691843DD4A808388C76CD3E6BEADE562E41B53CFA18C5EB110B72B61","res://assets/runtime/ui/menu_button_plate.png.import","assets/runtime/asset_manifest.json","2","CANONICAL","menu_button_plate","STAGED","BLOCKED"
"res://assets/runtime/ui/menu_button_plate_src.png","1717","916","96B8F036A3E08628E8D15085390F4B1032E27166E2A74260983E491CCAF9F415","res://assets/runtime/ui/menu_button_plate_src.png.import","assets/runtime/asset_manifest.json","2","CANONICAL","menu_button_plate_src","STAGED","BLOCKED"
"res://assets/runtime/ui/menu_slider_knob.png","28","28","A161B88A378B339A3536E5EA3B285A8D5DFC2CB99DCA215C708D06EFD3D91F5B","res://assets/runtime/ui/menu_slider_knob.png.import","assets/runtime/asset_manifest.json","2","CANONICAL","menu_slider_knob","STAGED","BLOCKED"
"res://assets/runtime/ui/menu_slider_knob_src.png","1254","1254","3E995CFD81CCEA84F9D9F08E24BEA312B0EA885B41795D433E69FDEC0588E1D8","res://assets/runtime/ui/menu_slider_knob_src.png.import","assets/runtime/asset_manifest.json","2","CANONICAL","menu_slider_knob_src","STAGED","BLOCKED"
"res://assets/runtime/ui/menu_slider_track.png","320","22","BACDDCA4617940152316B12008856A08AEA8EECCEDBB02A2E070B3DA281FB38B","res://assets/runtime/ui/menu_slider_track.png.import","assets/runtime/asset_manifest.json","2","CANONICAL","menu_slider_track","STAGED","BLOCKED"
"res://assets/runtime/ui/provisions_icon.png","128","128","ABE49D8047CAEDEABA8CC9002148A080BD0B300D18E492C1720EE15FA4198A30","res://assets/runtime/ui/provisions_icon.png.import","assets/runtime/asset_manifest.json;scenes/ui/hud/hud.tscn","2","CANONICAL","provisions_icon","STAGED","BLOCKED"
"res://assets/runtime/ui/resource_banner_frame.png","390","36","5D08D6812F2CEE2438CC34BF0CA358A1E0B95929D8C39127D94EB00799DDA9F4","res://assets/runtime/ui/resource_banner_frame.png.import","assets/runtime/asset_manifest.json","2","CANONICAL","resource_banner_frame","STAGED","BLOCKED"
"res://assets/runtime/ui/resource_rail.png","390","52","5C22F31F8FFDB6DD436E8F77FB84980528AE3CD9B48F786D6AF773BBBBBE885E","res://assets/runtime/ui/resource_rail.png.import","assets/runtime/asset_manifest.json;scenes/ui/hud/hud.tscn","2","CANONICAL","resource_rail","STAGED","BLOCKED"
"res://assets/runtime/ui/settings_cog.png","128","128","55331C7E8D3A6ED0EF29E1C7D0A311E26D9433A460BF601F2FFDF35C0F3378A2","res://assets/runtime/ui/settings_cog.png.import","assets/runtime/asset_manifest.json;scenes/ui/hud/hud.tscn","2","CANONICAL","settings_cog","STAGED","BLOCKED"
"res://assets/runtime/ui/settings_control_plate.png","1774","887","B980AC22FE219486CB37C2C19989267DE3B2914C69E9C816B64AB99FC69885D2","res://assets/runtime/ui/settings_control_plate.png.import","assets/runtime/asset_manifest.json","2","CANONICAL","settings_control_plate","STAGED","BLOCKED"
"res://assets/runtime/ui/settings_ledger_frame.png","849","1853","CBADDB204CE24E2427A929012C53EA72835578057A9EA9D438FF8BA66F5A8D49","res://assets/runtime/ui/settings_ledger_frame.png.import","assets/runtime/asset_manifest.json","2","CANONICAL","settings_ledger_frame","STAGED","BLOCKED"
"res://assets/runtime/ui/settings_title_ornament.png","1717","916","33923543C808B5DD2B3741F25052E4554DAF69E9BE6E0A603E7C8225A18B860A","res://assets/runtime/ui/settings_title_ornament.png.import","assets/runtime/asset_manifest.json","2","CANONICAL","settings_title_ornament","STAGED","BLOCKED"
"res://assets/runtime/ui/silver_icon.png","128","128","F2521DEB309820435AE2B31188428E8D72499E7A315CF693132869FD7D1969F1","res://assets/runtime/ui/silver_icon.png.import","assets/runtime/asset_manifest.json;scenes/ui/hud/hud.tscn","2","CANONICAL","silver_icon","STAGED","BLOCKED"
"res://assets/runtime/world/blackthorn_overlays_reference.png","192","32","EAF4F0722F28B6860BF7BE7AF721DBB984AB139462EAFAA395919485F093FFC9","res://assets/runtime/world/blackthorn_overlays_reference.png.import","assets/runtime/asset_manifest.json;scenes/world/terrain/blackthorn_tileset.tres","2","CANONICAL","blackthorn_overlays_reference","STAGED","BLOCKED"
"res://assets/runtime/world/blackthorn_tiles_modular.png","192","288","C9E7CE4263CFB2613C1358C920DC947D15DEE0D92A83C447279F4C076DA9BBFA","res://assets/runtime/world/blackthorn_tiles_modular.png.import","assets/runtime/asset_manifest.json","2","CANONICAL","blackthorn_tiles_modular","STAGED","BLOCKED"
"res://assets/runtime/world/blackthorn_tiles_reference.png","192","288","85708D5A1D2921C23691E9A6B450687FC2F1B1F738663BC91EE145D42E4325EE","res://assets/runtime/world/blackthorn_tiles_reference.png.import","assets/runtime/asset_manifest.json;scenes/world/terrain/blackthorn_tileset.tres","2","CANONICAL","blackthorn_tiles_reference","STAGED","BLOCKED"
"res://assets/runtime/world/forest_cluster_0.png","64","96","EFFC6D6CB5D8F847D90A5CF6C0F670DB078DBF8115DDDBB174DA1F2E2E187812","res://assets/runtime/world/forest_cluster_0.png.import","assets/runtime/asset_manifest.json;scenes/world/vegetation/tree_variant_01.tscn","2","CANONICAL","forest_cluster_0","STAGED","BLOCKED"
"res://assets/runtime/world/forest_cluster_1.png","64","96","4FB1B83865FC636B3431641398FC8681B3E1CC8A3ED8C19A6A0A000C8765CB57","res://assets/runtime/world/forest_cluster_1.png.import","assets/runtime/asset_manifest.json;scenes/world/vegetation/tree_variant_02.tscn","2","CANONICAL","forest_cluster_1","STAGED","BLOCKED"
"res://assets/runtime/world/forest_cluster_2.png","64","96","E58C73150D5AAEB6E8F2E7E89826E806E1E1E0353D229053C6958DDEBEA149D5","res://assets/runtime/world/forest_cluster_2.png.import","assets/runtime/asset_manifest.json;scenes/world/vegetation/tree_variant_03.tscn","2","CANONICAL","forest_cluster_2","STAGED","BLOCKED"
"res://assets/runtime/world/forest_cluster_3.png","64","96","03D585AB7B2B0434EA9B7FB6EBDE5585252F85ED7135003AD03F23A5F8260B62","res://assets/runtime/world/forest_cluster_3.png.import","assets/runtime/asset_manifest.json;scenes/world/vegetation/tree_variant_04.tscn","2","CANONICAL","forest_cluster_3","STAGED","BLOCKED"
"res://assets/runtime/world/rocks.png","68","58","307A50C6EBFB210D0AEAFA131FE1D15AA0A0BCD67FEDDA1ABD951685D0790A51","res://assets/runtime/world/rocks.png.import","assets/runtime/asset_manifest.json","2","CANONICAL","rocks","STAGED","BLOCKED"
"res://assets/runtime/world/shrub.png","76","50","7BE767495BE26271008190F3CB7D8BB921D05B504D1E7250F98184BDBB2A299D","res://assets/runtime/world/shrub.png.import","assets/runtime/asset_manifest.json","2","CANONICAL","shrub","STAGED","BLOCKED"
"res://assets/runtime/world/stump.png","66","58","3C657CAAD605BB378ED37494EB52DEAC714D0BC21E7439DC7995EB9526425552","res://assets/runtime/world/stump.png.import","assets/runtime/asset_manifest.json","2","CANONICAL","stump","STAGED","BLOCKED"
"res://assets/runtime/world/town_gate.png","128","80","EB91A1DC52A5540ED401C9D972CFC584B1214C880AE3E29890A80B0E6E0566B1","res://assets/runtime/world/town_gate.png.import","assets/runtime/asset_manifest.json;scenes/world/camp/gate.tscn;scenes/world/landmarks/frontier_gate.tscn;tools/build_authored_world_scenes.gd","2","CANONICAL","town_gate","STAGED","BLOCKED"
"res://assets/runtime/world/tree_0.png","88","120","27159643033832B8BC7592A8A7885A00A825F4FA053919648F25E55FF41AEA4D","res://assets/runtime/world/tree_0.png.import","assets/runtime/asset_manifest.json","2","CANONICAL","tree_0","STAGED","BLOCKED"
"res://assets/runtime/world/tree_1.png","94","122","9104C605CB6F6CEAB8277E9117DD8BA87D211EA1A7372F076C11C710E644D981","res://assets/runtime/world/tree_1.png.import","assets/runtime/asset_manifest.json","2","CANONICAL","tree_1","STAGED","BLOCKED"
"res://assets/runtime/world/tree_2.png","86","118","00334A42C9D3E3728ACBF0D3D33207BA426E776C4E198C410FD94828A91B3758","res://assets/runtime/world/tree_2.png.import","assets/runtime/asset_manifest.json","2","CANONICAL","tree_2","STAGED","BLOCKED"
"res://assets/runtime/world/wall_pole.png","16","64","C9022F3EF4D52425BF30EAF4B24C0070FBFCC8337257E360847DAFB4FC04A98A","res://assets/runtime/world/wall_pole.png.import","assets/runtime/asset_manifest.json;scenes/world/camp/palisade_segment.tscn;tools/build_authored_world_scenes.gd","2","CANONICAL","wall_pole","STAGED","BLOCKED"
"res://assets/ui/company_ledger_512.png","512","768","855AEED40EB7C632E0CED73BE27E555F4561DC85DC91F99C7FC6CDC8725DBA6F","res://assets/ui/company_ledger_512.png.import","","1","LEGACY_UNUSED","company_ledger_512","PENDING","REVIEW"
"res://assets/ui/generated/camp_title_crest.png","768","230","7D4BE5E90F92AF04349116E7513856E42CD532610369F0D45FA6F4E88B2B0517","res://assets/ui/generated/camp_title_crest.png.import","","2","DUPLICATE","camp_title_crest","PENDING","BLOCKED"
"res://assets/ui/generated/provisions_icon.png","128","128","ABE49D8047CAEDEABA8CC9002148A080BD0B300D18E492C1720EE15FA4198A30","res://assets/ui/generated/provisions_icon.png.import","","2","DUPLICATE","provisions_icon","PENDING","BLOCKED"
"res://assets/ui/generated/resource_banner_frame.png","390","36","5D08D6812F2CEE2438CC34BF0CA358A1E0B95929D8C39127D94EB00799DDA9F4","res://assets/ui/generated/resource_banner_frame.png.import","","2","DUPLICATE","resource_banner_frame","PENDING","BLOCKED"
"res://assets/ui/generated/settings_cog.png","128","128","55331C7E8D3A6ED0EF29E1C7D0A311E26D9433A460BF601F2FFDF35C0F3378A2","res://assets/ui/generated/settings_cog.png.import","","2","DUPLICATE","settings_cog","PENDING","BLOCKED"
"res://assets/ui/generated/silver_icon.png","128","128","F2521DEB309820435AE2B31188428E8D72499E7A315CF693132869FD7D1969F1","res://assets/ui/generated/silver_icon.png.import","","2","DUPLICATE","silver_icon","PENDING","BLOCKED"
"res://assets/ui/reference/action_button.png","150","52","608DFBBD18A0CD3AD6E5BC8C6EE4B67448A4D7B72EEC87D8CAB8477A3A025C36","res://assets/ui/reference/action_button.png.import","","1","LEGACY_UNUSED","action_button","PENDING","REVIEW"
"res://assets/ui/reference/dread_icon.png","24","24","97A59EE65C9067F92D1C2F0C80B8A1EA057E2C573C0E2B8B25D10ADB50D821F1","res://assets/ui/reference/dread_icon.png.import","","1","LEGACY_UNUSED","dread_icon","PENDING","REVIEW"
"res://assets/ui/reference/heart_icon.png","24","24","A247FCBA15D16B9EDFC2F8252F11DF1EFEDFD2C779C212268F3B54E0C22D70E9","res://assets/ui/reference/heart_icon.png.import","","1","LEGACY_UNUSED","heart_icon","PENDING","REVIEW"
"res://assets/ui/reference/key_icon.png","24","24","DC44BFBEF05092D0C962E29788A367B88130470CF9CC336C1433D154A144BFD3","res://assets/ui/reference/key_icon.png.import","","1","LEGACY_UNUSED","key_icon","PENDING","REVIEW"
"res://assets/ui/reference/level_icon.png","24","24","A9DC615928DD1CEA5E9BD188124C6C94340793518335F478DFEF366B47A3EDA9","res://assets/ui/reference/level_icon.png.import","","1","LEGACY_UNUSED","level_icon","PENDING","REVIEW"
"res://assets/ui/reference/provisions_icon.png","24","24","2FB225772BE3289AECC3F120DB1AAE62F0E4444A0840740C7ED9DC0B3D032DD7","res://assets/ui/reference/provisions_icon.png.import","","1","LEGACY_UNUSED","provisions_icon","PENDING","REVIEW"
"res://assets/ui/reference/resource_rail.png","390","52","3AA479EEDB3FDE3995B423D5FBA77FB1F34EBCF0514C9F69DB3E31D46AC43B82","res://assets/ui/reference/resource_rail.png.import","","1","LEGACY_UNUSED","resource_rail","PENDING","REVIEW"
"res://assets/ui/reference/silver_icon.png","24","24","650254C5A6D2CF6528CE4C650404C48E423BEAFC630FB291EA3C939B980BC52C","res://assets/ui/reference/silver_icon.png.import","","1","LEGACY_UNUSED","silver_icon","PENDING","REVIEW"
"res://assets/ui/sources/camp_title_crest_alpha.png","2170","725","9F9941888BAAD36536C161544F13D44A4958A81E7ACB5C939BCE4FADB065E9AC","","","1","LEGACY_UNUSED","camp_title_crest_alpha","PENDING","REVIEW"
"res://assets/ui/sources/resource_icons_alpha.png","1774","887","A077B27CE0DD4ABE85E1757600BAB8ABAD7DABEC2A367E9704EF4D1CF3AF0DFD","","","1","LEGACY_UNUSED","resource_icons_alpha","PENDING","REVIEW"
"res://assets/ui/sources/settings_cog_alpha.png","1254","1254","87D23E28250433270CDB43866AE65C2012D28D98DE79267BCFC62B927D6983CC","","","1","LEGACY_UNUSED","settings_cog_alpha","PENDING","REVIEW"
